m,p,seed,objective,variant,feasible,objective_value,cost_value,reliability_value,energy_value,active_nodes,construction_ms,refinement_ms,total_ms,exact_status,exact_value,gap_pct
8,4,1,COST,SEQ,1,1.05928002075,1.05928002075,0.0187701088517,162.400178163,3,0.003556,0.025363,0.029062,OPTIMAL,0.907226790211,16.7602227114
8,4,1,COST,MIN,1,0.974350450871,0.974350450871,0.0181083513397,162.400178163,3,0.003311,0.009498,0.0129,OPTIMAL,0.907226790211,7.3987740865
8,4,1,COST,MAX,1,1.26138834396,1.26138834396,0.0196119356108,197.301195442,4,0.002873,0.007024,0.009955,OPTIMAL,0.907226790211,39.0378191616
8,4,1,RELIABILITY,SEQ,1,0.016711916821,1.16278295293,0.016711916821,208.038026554,3,0.001805,0.001557,0.003428,OPTIMAL,0.0153071865889,9.17693283421
8,4,1,RELIABILITY,MIN,1,0.0186827994154,1.43854452286,0.0186827994154,192.430814844,4,0.003501,0.001868,0.005425,OPTIMAL,0.0153071865889,22.052470628
8,4,1,RELIABILITY,MAX,1,0.0157868144455,1.08570466667,0.0157868144455,208.038026554,3,0.003788,0.0013,0.005143,OPTIMAL,0.0153071865889,3.13335082074
8,4,1,ENERGY,SEQ,1,152.262128948,1.2012968055,0.0207039402642,152.262128948,3,0.001411,0.002584,0.004053,OPTIMAL,152.262128948,0
8,4,1,ENERGY,MIN,1,188.930683551,1.41677786401,0.0183942467645,188.930683551,4,0.002524,0.00497,0.007549,OPTIMAL,152.262128948,24.082517995
8,4,1,ENERGY,MAX,1,152.262128948,1.13600622097,0.0204978945688,152.262128948,3,0.002799,0.002474,0.00533,OPTIMAL,152.262128948,0
8,4,2,COST,SEQ,1,0.913532845301,0.913532845301,0.0110635114465,168.92045844,3,0.001903,0.003321,0.005318,OPTIMAL,0.848866737983,7.61793393768
8,4,2,COST,MIN,1,0.874636349323,0.874636349323,0.0106081530325,170.311968794,3,0.003971,0.002502,0.006541,OPTIMAL,0.848866737983,3.03576641499
8,4,2,COST,MAX,1,0.953960256351,0.953960256351,0.0106188821392,166.760141684,3,0.002726,0.002418,0.005202,OPTIMAL,0.848866737983,12.3804495648
8,4,2,RELIABILITY,SEQ,1,0.00941245333017,1.02423027267,0.00941245333017,166.760141684,3,0.001602,0.001667,0.003326,OPTIMAL,0.00940596565042,0.0689740957416
8,4,2,RELIABILITY,MIN,1,0.0125254700444,1.31378651022,0.0125254700444,196.882907259,4,0.003586,0.001525,0.005166,OPTIMAL,0.00940596565042,33.1651688931
8,4,2,RELIABILITY,MAX,1,0.00974109055891,0.99275821208,0.00974109055891,165.36863133,3,0.003359,0.00129,0.004704,OPTIMAL,0.00940596565042,3.56289743072
8,4,2,ENERGY,SEQ,1,187.198570373,1.23114423454,0.0115337548524,187.198570373,4,0.001344,0.005134,0.006532,OPTIMAL,165.36863133,13.2007738511
8,4,2,ENERGY,MIN,1,172.47228555,1.02488177872,0.0105338976844,172.47228555,3,0.00293,0.005941,0.008929,OPTIMAL,165.36863133,4.29564794896
8,4,2,ENERGY,MAX,1,167.047421532,1.07919527026,0.0104235270695,167.047421532,3,0.002723,0.002628,0.005409,OPTIMAL,165.36863133,1.01518056245
8,4,3,COST,SEQ,1,0.815061421238,0.815061421238,0.00598135922814,195.972184582,3,0.001703,0.005112,0.00691,OPTIMAL,0.743491537023,9.62618680259
8,4,3,COST,MIN,1,0.837483294973,0.837483294973,0.00607476928466,197.043141952,3,0.002323,0.002683,0.005071,OPTIMAL,0.743491537023,12.6419405292
8,4,3,COST,MAX,1,0.852545452161,0.852545452161,0.00466302972086,197.043141952,3,0.002293,0.004177,0.006526,OPTIMAL,0.743491537023,14.6678085368
8,4,3,RELIABILITY,SEQ,1,0.00283557303325,0.847896494743,0.00283557303325,250.518246215,3,0.001398,0.001906,0.003362,OPTIMAL,0.00262169148514,8.15815092363
8,4,3,RELIABILITY,MIN,1,0.00302970955247,0.853131775947,0.00302970955247,254.496818835,3,0.00348,0.001767,0.005305,OPTIMAL,0.00262169148514,15.5631610218
8,4,3,RELIABILITY,MAX,1,0.00319406770563,0.908156402784,0.00319406770563,250.518246215,3,0.003294,0.001529,0.004877,OPTIMAL,0.00262169148514,21.8323255704
8,4,3,ENERGY,SEQ,1,195.972184582,0.808892011796,0.005669431193,195.972184582,3,0.001166,0.00279,0.004012,OPTIMAL,195.972184582,0
8,4,3,ENERGY,MIN,1,215.168929524,0.877751534868,0.00661785547537,215.168929524,3,0.00253,0.005311,0.007898,OPTIMAL,195.972184582,9.79564777662
8,4,3,ENERGY,MAX,1,195.972184582,0.879049699353,0.00468483790592,195.972184582,3,0.002402,0.002488,0.004947,OPTIMAL,195.972184582,0
8,4,4,COST,SEQ,1,1.23410677986,1.23410677986,0.00695920437807,256.100383554,3,0.001547,0.00297,0.004606,OPTIMAL,1.19050964625,3.6620563095
8,4,4,COST,MIN,1,1.23490647927,1.23490647927,0.00825133640002,257.415158168,3,0.002162,0.003657,0.005879,OPTIMAL,1.19050964625,3.72922917156
8,4,4,COST,MAX,1,1.27833050192,1.27833050192,0.00858980497288,256.98890727,3,0.002555,0.00232,0.004935,OPTIMAL,1.19050964625,7.3767445686
8,4,4,RELIABILITY,SEQ,1,0.00986362258591,1.70221789566,0.00986362258591,270.768646732,4,0.001385,0.002191,0.003634,OPTIMAL,0.00682276188416,44.5693511422
8,4,4,RELIABILITY,MIN,1,0.0104289139148,1.65644551377,0.0104289139148,273.043647344,4,0.003249,0.001419,0.004725,OPTIMAL,0.00682276188416,52.8547249909
8,4,4,RELIABILITY,MAX,1,0.00755245396304,1.28853474381,0.00755245396304,256.100383554,3,0.003321,0.001251,0.004629,OPTIMAL,0.00682276188416,10.6949662215
8,4,4,ENERGY,SEQ,1,257.415158168,1.26054750071,0.00774047709053,257.415158168,3,0.001112,0.005784,0.006955,OPTIMAL,242.558360815,6.12504030071
8,4,4,ENERGY,MIN,1,257.415158168,1.28871692558,0.00787766228106,257.415158168,3,0.002673,0.003848,0.006576,OPTIMAL,242.558360815,6.12504030071
8,4,4,ENERGY,MAX,1,242.558360815,1.44940059146,0.00865033531488,242.558360815,3,0.002749,0.006654,0.00946,OPTIMAL,242.558360815,0
8,4,5,COST,SEQ,1,1.11544212164,1.11544212164,0.0187024822995,204.686966618,3,0.001471,0.003488,0.005055,OPTIMAL,1.11416596867,0.114538856894
8,4,5,COST,MIN,1,1.11416596867,1.11416596867,0.0182596565284,204.686966618,3,0.002283,0.0092,0.011547,OPTIMAL,1.11416596867,0
8,4,5,COST,MAX,1,1.23915146444,1.23915146444,0.0187520134559,207.955841415,3,0.002108,0.008383,0.010551,OPTIMAL,1.11416596867,11.2178525717
8,4,5,RELIABILITY,SEQ,1,0.0177299193497,1.60347993504,0.0177299193497,225.507060479,4,0.001422,0.001994,0.003481,OPTIMAL,0.0155628032116,13.9249729536
8,4,5,RELIABILITY,MIN,1,0.0177933801405,1.2887181241,0.0177933801405,206.408309687,3,0.003262,0.00183,0.005149,OPTIMAL,0.0155628032116,14.3327451912
8,4,5,RELIABILITY,MAX,1,0.015735987113,1.37690298166,0.015735987113,225.327488548,3,0.003573,0.001329,0.00496,OPTIMAL,0.0155628032116,1.11280660084
8,4,5,ENERGY,SEQ,1,204.686966618,1.12806056991,0.019052029677,204.686966618,3,0.001156,0.002601,0.003814,OPTIMAL,204.686966618,0
8,4,5,ENERGY,MIN,1,204.686966618,1.12806056991,0.019052029677,204.686966618,3,0.002548,0.011138,0.01374,OPTIMAL,204.686966618,0
8,4,5,ENERGY,MAX,1,204.686966618,1.24212445401,0.0190059743968,204.686966618,3,0.002365,0.006555,0.00898,OPTIMAL,204.686966618,0
8,4,6,COST,SEQ,1,0.903227031096,0.903227031096,0.00891740552353,192.709605219,3,0.001493,0.003065,0.004645,OPTIMAL,0.715021904768,26.3215889015
8,4,6,COST,MIN,1,0.779119430276,0.779119430276,0.00779178683129,237.508659428,3,0.002615,0.004716,0.007916,OPTIMAL,0.715021904768,8.96441424804
8,4,6,COST,MAX,1,0.845254177592,0.845254177592,0.00765735637573,192.709605219,3,0.00244,0.002108,0.004605,OPTIMAL,0.715021904768,18.2137458944
8,4,6,RELIABILITY,SEQ,1,0.00721558849958,0.812678018162,0.00721558849958,235.64661507,3,0.001514,0.001707,0.003282,OPTIMAL,0.00661691021642,9.04770147364
8,4,6,RELIABILITY,MIN,1,0.00745583608493,0.726131108185,0.00745583608493,237.508659428,3,0.003506,0.001778,0.005341,OPTIMAL,0.00661691021642,12.6785137031
8,4,6,RELIABILITY,MAX,1,0.00683382153445,0.90289665682,0.00683382153445,235.64661507,3,0.00341,0.001675,0.00514,OPTIMAL,0.00661691021642,3.27813603227
8,4,6,ENERGY,SEQ,1,173.391216492,0.961760710836,0.0100949762989,173.391216492,3,0.001243,0.00271,0.00401,OPTIMAL,173.391216492,0
8,4,6,ENERGY,MIN,1,217.073063352,1.23745701335,0.00885427731939,217.073063352,4,0.002521,0.003763,0.006347,OPTIMAL,173.391216492,25.1926526288
8,4,6,ENERGY,MAX,1,173.391216492,0.961760710836,0.0100949762989,173.391216492,3,0.002399,0.002333,0.004789,OPTIMAL,173.391216492,0
8,4,7,COST,SEQ,1,1.03456933796,1.03456933796,0.0101971912592,224.681126026,3,0.001595,0.007686,0.00938,OPTIMAL,0.930828643951,11.1449829875
8,4,7,COST,MIN,1,1.18079457976,1.18079457976,0.0127975273554,203.361554049,3,0.002299,0.009176,0.011539,OPTIMAL,0.930828643951,26.8541301807
8,4,7,COST,MAX,1,1.23329845077,1.23329845077,0.0128843827249,203.361554049,3,0.002503,0.007928,0.010487,OPTIMAL,0.930828643951,32.4946818923
8,4,7,RELIABILITY,SEQ,1,0.0108703863195,1.03533691339,0.0108703863195,221.394591784,3,0.001429,0.00168,0.003169,OPTIMAL,0.0098738841191,10.0923019593
8,4,7,RELIABILITY,MIN,1,0.013603877426,1.37901657626,0.013603877426,246.448234438,4,0.003354,0.00213,0.00555,OPTIMAL,0.0098738841191,37.7763528709
8,4,7,RELIABILITY,MAX,1,0.010108595779,0.976774498672,0.010108595779,221.394591784,3,0.003468,0.001427,0.004952,OPTIMAL,0.0098738841191,2.37709554879
8,4,7,ENERGY,SEQ,1,199.788702508,1.2544755149,0.0107620116682,199.788702508,3,0.001167,0.00267,0.003892,OPTIMAL,199.788702508,0
8,4,7,ENERGY,MIN,1,241.174466191,1.04462002105,0.0168818016542,241.174466191,3,0.0025,0.007852,0.010409,OPTIMAL,199.788702508,20.7147667331
8,4,7,ENERGY,MAX,1,199.788702508,1.23707132564,0.0103794506469,199.788702508,3,0.002372,0.002583,0.00501,OPTIMAL,199.788702508,0
8,4,8,COST,SEQ,1,1.12443528846,1.12443528846,0.0146982039058,212.800461191,3,0.001392,0.00747,0.008952,OPTIMAL,1.07867323428,4.24243901899
8,4,8,COST,MIN,1,1.09390737737,1.09390737737,0.0150377293747,211.408872944,3,0.00221,0.004099,0.006371,OPTIMAL,1.07867323428,1.4123038008
8,4,8,COST,MAX,1,1.39799562269,1.39799562269,0.014258481848,204.099217412,3,0.002476,0.005276,0.007808,OPTIMAL,1.07867323428,29.6032550233
8,4,8,RELIABILITY,SEQ,1,0.0138558817181,1.62376672491,0.0138558817181,242.824278799,4,0.001377,0.001996,0.003438,OPTIMAL,0.0134653425988,2.90032813063
8,4,8,RELIABILITY,MIN,1,0.0140342119901,1.58304684216,0.0140342119901,245.434199685,4,0.004065,0.001715,0.005836,OPTIMAL,0.0134653425988,4.22469303742
8,4,8,RELIABILITY,MAX,1,0.0134653425988,1.28121785593,0.0134653425988,243.373843474,3,0.00384,0.001388,0.005285,OPTIMAL,0.0134653425988,0
8,4,8,ENERGY,SEQ,1,204.099217412,1.51063715488,0.0149226686768,204.099217412,3,0.000957,0.002315,0.003331,OPTIMAL,201.657252124,1.21094840958
8,4,8,ENERGY,MIN,1,241.252287141,1.66210251019,0.0146611191474,241.252287141,4,0.002336,0.003578,0.005971,OPTIMAL,201.657252124,19.6348182866
8,4,8,ENERGY,MAX,1,201.657252124,1.43193746425,0.0143712523962,201.657252124,3,0.002442,0.002213,0.004712,OPTIMAL,201.657252124,0
8,4,9,COST,SEQ,1,0.905531454046,0.905531454046,0.00747409584596,230.182089838,4,0.00151,0.00828,0.009885,OPTIMAL,0.767183172696,18.0332789188
8,4,9,COST,MIN,1,0.785814212926,0.785814212926,0.00692360577452,195.146530196,3,0.002634,0.002279,0.004974,OPTIMAL,0.767183172696,2.42849959352
8,4,9,COST,MAX,1,0.905531454046,0.905531454046,0.00747409584596,230.182089838,4,0.00285,0.006174,0.00908,OPTIMAL,0.767183172696,18.0332789188
8,4,9,RELIABILITY,SEQ,1,0.00664798822485,1.09643782871,0.00664798822485,235.029318392,4,0.001316,0.001907,0.00328,OPTIMAL,0.00565659444257,17.526336603
8,4,9,RELIABILITY,MIN,1,0.00715606937879,1.07198971824,0.00715606937879,226.563448325,4,0.003506,0.00204,0.005602,OPTIMAL,0.00565659444257,26.508439865
8,4,9,RELIABILITY,MAX,1,0.00565659444257,0.827219266989,0.00565659444257,217.592796855,3,0.003479,0.001324,0.004858,OPTIMAL,0.00565659444257,0
8,4,9,ENERGY,SEQ,1,217.200818467,1.03027015931,0.00850720386252,217.200818467,4,0.001007,0.003642,0.004709,OPTIMAL,195.146530196,11.3013991331
8,4,9,ENERGY,MIN,1,217.592796855,0.946191419294,0.00595160335948,217.592796855,3,0.002418,0.005544,0.00802,OPTIMAL,195.146530196,11.5022627545
8,4,9,ENERGY,MAX,1,216.747541279,1.01502536138,0.00887261408168,216.747541279,4,0.002562,0.005865,0.008484,OPTIMAL,195.146530196,11.0691238333
8,4,10,COST,SEQ,1,0.873958433096,0.873958433096,0.0146866349604,249.137196571,4,0.001429,0.005033,0.006548,OPTIMAL,0.516079952165,69.3455499345
8,4,10,COST,MIN,1,0.842014489205,0.842014489205,0.0135192924892,247.006679821,4,0.003944,0.003396,0.007398,OPTIMAL,0.516079952165,63.1558222079
8,4,10,COST,MAX,1,0.935280473824,0.935280473824,0.0144354254649,200.547615559,3,0.002179,0.006623,0.00886,OPTIMAL,0.516079952165,81.227825243
8,4,10,RELIABILITY,SEQ,1,0.0113127256031,0.970892442669,0.0113127256031,269.173787376,4,0.001255,0.001325,0.002648,OPTIMAL,0.0106129429658,6.59367189234
8,4,10,RELIABILITY,MIN,1,0.0133744906382,0.972685978479,0.0133744906382,242.159094174,4,0.00344,0.001398,0.004895,OPTIMAL,0.0106129429658,26.0205645245
8,4,10,RELIABILITY,MAX,1,0.0110153160748,0.947294174803,0.0110153160748,262.034122924,4,0.003291,0.001329,0.004676,OPTIMAL,0.0106129429658,3.7913433654
8,4,10,ENERGY,SEQ,1,234.699254216,0.985149840565,0.0146464883313,234.699254216,4,0.001082,0.00233,0.003468,OPTIMAL,198.417098809,18.285800783
8,4,10,ENERGY,MIN,1,198.417098809,0.863565963766,0.0123940005565,198.417098809,3,0.002839,0.007079,0.009976,OPTIMAL,198.417098809,0
8,4,10,ENERGY,MAX,1,227.772002082,0.958685455285,0.015391967656,227.772002082,4,0.002838,0.00277,0.005663,OPTIMAL,198.417098809,14.7945431363
8,4,11,COST,SEQ,1,1.26290974318,1.26290974318,0.00526607828914,246.755659755,4,0.001782,0.007636,0.009515,OPTIMAL,0.917571794037,37.6360685219
8,4,11,COST,MIN,1,1.21425631994,1.21425631994,0.00737122848347,249.067431679,4,0.002896,0.003571,0.006528,OPTIMAL,0.917571794037,32.3336580129
8,4,11,COST,MAX,1,1.24766641897,1.24766641897,0.00696230038219,249.177630357,4,0.00269,0.009995,0.012742,OPTIMAL,0.917571794037,35.9748007817
8,4,11,RELIABILITY,SEQ,1,0.00460895491521,1.48841132693,0.00460895491521,262.110417599,4,0.001308,0.001853,0.00323,OPTIMAL,0.00360584153442,27.8191199257
8,4,11,RELIABILITY,MIN,1,0.00598445983217,1.33834656741,0.00598445983217,259.592912117,4,0.003397,0.001833,0.005289,OPTIMAL,0.00360584153442,65.9656913661
8,4,11,RELIABILITY,MAX,1,0.00393131719026,0.994094442009,0.00393131719026,259.897199012,3,0.003414,0.001403,0.004873,OPTIMAL,0.00360584153442,9.02634385703
8,4,11,ENERGY,SEQ,1,216.990358995,1.07244062608,0.00989409844225,216.990358995,3,0.001169,0.005956,0.007181,OPTIMAL,216.990358995,0
8,4,11,ENERGY,MIN,1,251.915533195,1.31610598184,0.00714853336839,251.915533195,4,0.002715,0.003763,0.006538,OPTIMAL,216.990358995,16.0952654129
8,4,11,ENERGY,MAX,1,236.972638546,1.2349907347,0.00835263662427,236.972638546,3,0.002203,0.005047,0.007307,OPTIMAL,216.990358995,9.20883289208
8,4,12,COST,SEQ,1,0.775674687966,0.775674687966,0.0195413725102,148.023097108,3,0.001418,0.012474,0.013982,OPTIMAL,0.719606129182,7.79156214909
8,4,12,COST,MIN,1,0.846627954077,0.846627954077,0.0163159407349,148.023097108,3,0.002197,0.002216,0.004472,OPTIMAL,0.719606129182,17.651576292
8,4,12,COST,MAX,1,0.894052123526,0.894052123526,0.0176335620736,148.023097108,3,0.002277,0.002264,0.004598,OPTIMAL,0.719606129182,24.2418716669
8,4,12,RELIABILITY,SEQ,1,0.012503375553,1.27525583192,0.012503375553,159.952743068,4,0.001332,0.001858,0.003249,OPTIMAL,0.00988320189539,26.5113845229
8,4,12,RELIABILITY,MIN,1,0.0124035855942,1.28903045856,0.0124035855942,161.4932374,4,0.003356,0.001961,0.005375,OPTIMAL,0.00988320189539,25.5016919163
8,4,12,RELIABILITY,MAX,1,0.0100194589859,1.28584864472,0.0100194589859,159.997582703,4,0.003379,0.001251,0.004685,OPTIMAL,0.00988320189539,1.37867355057
8,4,12,ENERGY,SEQ,1,160.689360508,1.27194416787,0.0131478503299,160.689360508,4,0.001295,0.004353,0.005706,OPTIMAL,140.075296137,14.7164167698
8,4,12,ENERGY,MIN,1,140.075296137,1.11674042929,0.014769934558,140.075296137,3,0.00258,0.006296,0.008935,OPTIMAL,140.075296137,0
8,4,12,ENERGY,MAX,1,140.075296137,1.08112942963,0.0149795552944,140.075296137,3,0.002538,0.00762,0.010216,OPTIMAL,140.075296137,0
8,4,13,COST,SEQ,1,1.20108186932,1.20108186932,0.0173527940627,227.167816329,4,0.001543,0.004873,0.006514,OPTIMAL,1.1651909974,3.08025654181
8,4,13,COST,MIN,1,1.18447988393,1.18447988393,0.0167758696456,227.167816329,4,0.002661,0.005069,0.007789,OPTIMAL,1.1651909974,1.65542701341
8,4,13,COST,MAX,1,1.20645193177,1.20645193177,0.0169512995854,227.167816329,4,0.002662,0.004871,0.007589,OPTIMAL,1.1651909974,3.54113054987
8,4,13,RELIABILITY,SEQ,1,0.0139700780855,1.33059821634,0.0139700780855,222.05484315,4,0.00122,0.001497,0.002781,OPTIMAL,0.0129809645107,7.61972327966
8,4,13,RELIABILITY,MIN,1,0.0156838049186,1.4259268843,0.0156838049186,231.473208544,4,0.00352,0.001507,0.005084,OPTIMAL,0.0129809645107,20.8215684251
8,4,13,RELIABILITY,MAX,1,0.0136122403234,1.34722854187,0.0136122403234,228.598817824,4,0.003487,0.00079,0.004336,OPTIMAL,0.0129809645107,4.86308865678
8,4,13,ENERGY,SEQ,1,221.373156524,1.1948030296,0.0143525546428,221.373156524,4,0.001204,0.00401,0.005271,OPTIMAL,221.373156524,0
8,4,13,ENERGY,MIN,1,221.373156524,1.20696711343,0.0136873255957,221.373156524,4,0.002704,0.005776,0.00854,OPTIMAL,221.373156524,0
8,4,13,ENERGY,MAX,1,221.373156524,1.31513202226,0.0130868589292,221.373156524,4,0.002804,0.003704,0.006565,OPTIMAL,221.373156524,0
8,4,14,COST,SEQ,1,1.06751531756,1.06751531756,0.0184901779916,141.070255015,3,0.001486,0.003261,0.004835,OPTIMAL,0.866656901441,23.1762322299
8,4,14,COST,MIN,1,0.901730071686,0.901730071686,0.0185285797031,141.508205834,3,0.003585,0.002389,0.00603,OPTIMAL,0.866656901441,4.04694985827
8,4,14,COST,MAX,1,0.888712628057,0.888712628057,0.0186776159333,141.508205834,3,0.002478,0.010096,0.012628,OPTIMAL,0.866656901441,2.54492020762
8,4,14,RELIABILITY,SEQ,1,0.0130058266284,1.15385847255,0.0130058266284,173.160388601,3,0.001329,0.001471,0.002858,OPTIMAL,0.0110779212879,17.403132685
8,4,14,RELIABILITY,MIN,1,0.0125233182324,1.45574722246,0.0125233182324,203.793595518,4,0.003441,0.001903,0.005401,OPTIMAL,0.0110779212879,13.0475466188
8,4,14,RELIABILITY,MAX,1,0.0119178803849,0.994854516572,0.0119178803849,173.160388601,3,0.003557,0.001236,0.004847,OPTIMAL,0.0110779212879,7.58228078293
8,4,14,ENERGY,SEQ,1,141.508205834,0.997507163291,0.0189962633694,141.508205834,3,0.001042,0.002413,0.003515,OPTIMAL,141.070255015,0.310448732661
8,4,14,ENERGY,MIN,1,196.693262919,1.45228629733,0.0144291763091,196.693262919,4,0.002699,0.003922,0.006677,OPTIMAL,141.070255015,39.4292956359
8,4,14,ENERGY,MAX,1,141.508205834,0.923866031597,0.0190406039187,141.508205834,3,0.002186,0.002252,0.004498,OPTIMAL,141.070255015,0.310448732661
8,4,15,COST,SEQ,1,1.23183767182,1.23183767182,0.00862583445892,198.970125333,4,0.001554,0.003544,0.005194,OPTIMAL,0.879095656612,40.1255554565
8,4,15,COST,MIN,1,1.22390167332,1.22390167332,0.00881703439444,198.994439969,4,0.003467,0.004507,0.00803,OPTIMAL,0.879095656612,39.2228097268
8,4,15,COST,MAX,1,1.28283085493,1.28283085493,0.0112480948045,199.830028262,4,0.003506,0.003033,0.006597,OPTIMAL,0.879095656612,45.926196459
8,4,15,RELIABILITY,SEQ,1,0.00817808207472,1.30843643178,0.00817808207472,189.920067651,4,0.001214,0.001657,0.002939,OPTIMAL,0.00600739387421,36.1336087823
8,4,15,RELIABILITY,MIN,1,0.0107932632619,1.32858619469,0.0107932632619,202.011125863,4,0.003325,0.001414,0.004797,OPTIMAL,0.00600739387421,79.6663160076
8,4,15,RELIABILITY,MAX,1,0.00643069422627,1.33190949544,0.00643069422627,196.439045818,4,0.003463,0.001404,0.004923,OPTIMAL,0.00600739387421,7.04632259721
8,4,15,ENERGY,SEQ,1,180.512003062,0.901218306834,0.00624830430748,180.512003062,3,0.001061,0.005189,0.006305,OPTIMAL,179.188044703,0.738865342033
8,4,15,ENERGY,MIN,1,180.512003062,0.95255735576,0.00709181896525,180.512003062,3,0.003899,0.007351,0.011306,OPTIMAL,179.188044703,0.738865342033
8,4,15,ENERGY,MAX,1,179.188044703,1.24315392782,0.0128261554066,179.188044703,3,0.00284,0.003529,0.006426,OPTIMAL,179.188044703,0
8,4,16,COST,SEQ,1,1.06637302952,1.06637302952,0.00831733460301,172.575902659,4,0.001628,0.004,0.005722,OPTIMAL,0.981607225799,8.63540950932
8,4,16,COST,MIN,1,1.00033088417,1.00033088417,0.00996498869748,170.433677094,4,0.002569,0.004192,0.006825,OPTIMAL,0.981607225799,1.90744911836
8,4,16,COST,MAX,1,1.06289229749,1.06289229749,0.0068628513235,177.43114283,4,0.002552,0.005404,0.008014,OPTIMAL,0.981607225799,8.28081431723
8,4,16,RELIABILITY,SEQ,1,0.00462480181242,1.15524376116,0.00462480181242,182.11217504,4,0.001264,0.001437,0.002766,OPTIMAL,0.00425609367066,8.66306454447
8,4,16,RELIABILITY,MIN,1,0.00684616639871,1.09013522934,0.00684616639871,177.851936318,4,0.003435,0.001639,0.005135,OPTIMAL,0.00425609367066,60.8556326171
8,4,16,RELIABILITY,MAX,1,0.00430794296594,1.13113274731,0.00430794296594,183.532254614,4,0.003152,0.001146,0.004354,OPTIMAL,0.00425609367066,1.21823670473
8,4,16,ENERGY,SEQ,1,171.663039855,1.14965284276,0.00961459039615,171.663039855,4,0.000966,0.004887,0.005911,OPTIMAL,170.242960281,0.834148778653
8,4,16,ENERGY,MIN,1,171.028678543,1.23100321311,0.00974313420345,171.028678543,4,0.002368,0.002585,0.00501,OPTIMAL,170.242960281,0.461527607774
8,4,16,ENERGY,MAX,1,170.242960281,1.09225766109,0.00941789073919,170.242960281,4,0.002264,0.004508,0.006832,OPTIMAL,170.242960281,0
8,4,17,COST,SEQ,1,1.21954661391,1.21954661391,0.0112822992924,168.891127859,3,0.001699,0.003615,0.005419,OPTIMAL,1.08917087264,11.9701825071
8,4,17,COST,MIN,1,1.15556324611,1.15556324611,0.0120378356348,168.891127859,3,0.002483,0.002859,0.005409,OPTIMAL,1.08917087264,6.09568022228
8,4,17,COST,MAX,1,1.28818566416,1.28818566416,0.0113357886938,168.891127859,3,0.002407,0.00414,0.006605,OPTIMAL,1.08917087264,18.2721367708
8,4,17,RELIABILITY,SEQ,1,0.0109510055985,1.35973469374,0.0109510055985,162.798833106,3,0.001348,0.002029,0.003435,OPTIMAL,0.0107560429619,1.81258700204
8,4,17,RELIABILITY,MIN,1,0.0114914961757,1.34767116123,0.0114914961757,167.203003872,3,0.003777,0.001987,0.005821,OPTIMAL,0.0107560429619,6.83758159387
8,4,17,RELIABILITY,MAX,1,0.0114085123315,1.38831857818,0.0114085123315,167.203003872,3,0.003161,0.001434,0.004652,OPTIMAL,0.0107560429619,6.06607255051
8,4,17,ENERGY,SEQ,1,151.020842283,1.4575775737,0.0129257953966,151.020842283,3,0.001089,0.007302,0.008448,OPTIMAL,151.020842283,0
8,4,17,ENERGY,MIN,1,151.020842283,1.49184503656,0.0145477163202,151.020842283,3,0.002303,0.006603,0.008961,OPTIMAL,151.020842283,0
8,4,17,ENERGY,MAX,1,162.798833106,1.21742259631,0.0118023764656,162.798833106,3,0.002559,0.002594,0.005211,OPTIMAL,151.020842283,7.79891745113
8,4,18,COST,SEQ,1,1.14667216435,1.14667216435,0.00900578051731,191.290348106,3,0.001593,0.003287,0.004975,OPTIMAL,1.0607922022,8.09583271582
8,4,18,COST,MIN,1,1.23994337512,1.23994337512,0.00698990467973,260.781066151,4,0.002366,0.006012,0.008436,OPTIMAL,1.0607922022,16.8884323009
8,4,18,COST,MAX,1,1.13953175173,1.13953175173,0.00930059279292,191.290348106,3,0.002871,0.005142,0.00807,OPTIMAL,1.0607922022,7.42271194733
8,4,18,RELIABILITY,SEQ,1,0.00725324053613,1.37909522586,0.00725324053613,252.932882428,4,0.001342,0.001519,0.002928,OPTIMAL,0.00581561645372,24.7200635368
8,4,18,RELIABILITY,MIN,1,0.00650369463899,1.14047329716,0.00650369463899,241.577873027,3,0.003099,0.001253,0.004411,OPTIMAL,0.00581561645372,11.831560605
8,4,18,RELIABILITY,MAX,1,0.00609976804539,1.40392594019,0.00609976804539,268.717645439,4,0.003473,0.00128,0.004811,OPTIMAL,0.00581561645372,4.88600983126
8,4,18,ENERGY,SEQ,1,191.290348106,1.12885365044,0.00906977838839,191.290348106,3,0.001113,0.002514,0.003683,OPTIMAL,191.290348106,0
8,4,18,ENERGY,MIN,1,191.290348106,1.14667216435,0.00900578051731,191.290348106,3,0.00232,0.002104,0.00448,OPTIMAL,191.290348106,0
8,4,18,ENERGY,MAX,1,191.290348106,1.0718832527,0.00914339330281,191.290348106,3,0.002314,0.002262,0.004633,OPTIMAL,191.290348106,0
8,4,19,COST,SEQ,1,0.907272189595,0.907272189595,0.00865510958822,192.077961594,3,0.001594,0.008732,0.010423,OPTIMAL,0.907272189595,0
8,4,19,COST,MIN,1,0.925801529852,0.925801529852,0.00923594603422,197.213960599,3,0.002485,0.002489,0.005035,OPTIMAL,0.907272189595,2.04231326268
8,4,19,COST,MAX,1,1.0031028476,1.0031028476,0.00875168082891,192.97308074,3,0.002563,0.002514,0.005134,OPTIMAL,0.907272189595,10.5625036345
8,4,19,RELIABILITY,SEQ,1,0.00564739209809,1.13089145174,0.00564739209809,179.577590071,3,0.001453,0.001446,0.002954,OPTIMAL,0.00465587923484,21.2959317295
8,4,19,RELIABILITY,MIN,1,0.00622877926004,1.38799047459,0.00622877926004,205.950766643,4,0.003409,0.002047,0.005513,OPTIMAL,0.00465587923484,33.7830932863
8,4,19,RELIABILITY,MAX,1,0.00495197034682,1.18838964524,0.00495197034682,179.577590071,3,0.003323,0.001267,0.004646,OPTIMAL,0.00465587923484,6.3595101387
8,4,19,ENERGY,SEQ,1,167.357007576,1.13454901357,0.00578426764856,167.357007576,3,0.001249,0.002304,0.003613,OPTIMAL,167.357007576,0
8,4,19,ENERGY,MIN,1,192.077961594,1.03182355219,0.00828235861463,192.077961594,3,0.002565,0.006075,0.008697,OPTIMAL,167.357007576,14.7713886475
8,4,19,ENERGY,MAX,1,167.357007576,1.19688852333,0.00629499100026,167.357007576,3,0.002562,0.002293,0.004912,OPTIMAL,167.357007576,0
8,4,20,COST,SEQ,1,1.2284177995,1.2284177995,0.00688707196147,226.957626134,4,0.001751,0.006401,0.008256,OPTIMAL,1.03788877654,18.3573642246
8,4,20,COST,MIN,1,1.19576831758,1.19576831758,0.00707524785554,231.548925442,4,0.002761,0.002466,0.005286,OPTIMAL,1.03788877654,15.2116050009
8,4,20,COST,MAX,1,1.23196956476,1.23196956476,0.00727363124988,226.957626134,4,0.002742,0.006688,0.009491,OPTIMAL,1.03788877654,18.6995748105
8,4,20,RELIABILITY,SEQ,1,0.00646507776617,1.41971554465,0.00646507776617,221.819242081,4,0.001531,0.001493,0.003084,OPTIMAL,0.00591104400513,9.37285800207
8,4,20,RELIABILITY,MIN,1,0.0065644080177,1.36996935283,0.0065644080177,221.136359069,4,0.003751,0.001752,0.005559,OPTIMAL,0.00591104400513,11.053276071
8,4,20,RELIABILITY,MAX,1,0.00607796489184,1.34767651978,0.00607796489184,218.687913191,4,0.003624,0.00141,0.005089,OPTIMAL,0.00591104400513,2.82388164529
8,4,20,ENERGY,SEQ,1,180.768025763,1.09851237626,0.00731769604704,180.768025763,3,0.000991,0.002382,0.003427,OPTIMAL,180.326635047,0.244772890231
8,4,20,ENERGY,MIN,1,180.768025763,1.12803641616,0.00714225614168,180.768025763,3,0.00258,0.005604,0.00824,OPTIMAL,180.326635047,0.244772890231
8,4,20,ENERGY,MAX,1,180.768025763,1.09851237626,0.00731769604704,180.768025763,3,0.002463,0.001993,0.004513,OPTIMAL,180.326635047,0.244772890231
8,4,21,COST,SEQ,1,1.03590656426,1.03590656426,0.00984791775453,180.960265254,3,0.001598,0.007309,0.009002,OPTIMAL,1.03590656426,0
8,4,21,COST,MIN,1,1.20744563022,1.20744563022,0.0135758139876,191.894280353,3,0.002439,0.005992,0.00849,OPTIMAL,1.03590656426,16.5593183674
8,4,21,COST,MAX,1,1.17943086223,1.17943086223,0.0135342629797,195.760700018,3,0.002377,0.009986,0.012418,OPTIMAL,1.03590656426,13.8549462787
8,4,21,RELIABILITY,SEQ,1,0.00892244051062,1.0652929769,0.00892244051062,182.237008592,3,0.001463,0.001781,0.003301,OPTIMAL,0.00802246431758,11.2182012586
8,4,21,RELIABILITY,MIN,1,0.0089958619858,1.13297249643,0.0089958619858,182.237008592,3,0.003275,0.001536,0.004868,OPTIMAL,0.00802246431758,12.1333997845
8,4,21,RELIABILITY,MAX,1,0.00873342152097,1.58775791374,0.00873342152097,206.720049067,4,0.003481,0.001421,0.004958,OPTIMAL,0.00802246431758,8.86207997012
8,4,21,ENERGY,SEQ,1,181.517593696,1.07372506255,0.013189428116,181.517593696,3,0.001151,0.002545,0.003753,OPTIMAL,179.724478027,0.997702532237
8,4,21,ENERGY,MIN,1,179.724478027,1.16448542003,0.0100136393398,179.724478027,3,0.002749,0.008531,0.011339,OPTIMAL,179.724478027,0
8,4,21,ENERGY,MAX,1,181.517593696,1.12257954031,0.0137200990472,181.517593696,3,0.002773,0.002483,0.005308,OPTIMAL,179.724478027,0.997702532237
8,4,22,COST,SEQ,1,0.971890735921,0.971890735921,0.00994152722236,157.98252101,4,0.001662,0.009972,0.011733,OPTIMAL,0.87774322519,10.726087998
8,4,22,COST,MIN,1,1.05267201587,1.05267201587,0.0091491330256,159.965026652,4,0.00291,0.001921,0.004895,OPTIMAL,0.87774322519,19.9293809014
8,4,22,COST,MAX,1,0.971890735921,0.971890735921,0.00994152722236,157.98252101,4,0.002936,0.007794,0.010787,OPTIMAL,0.87774322519,10.726087998
8,4,22,RELIABILITY,SEQ,1,0.00799553097383,1.18308366046,0.00799553097383,168.192456715,4,0.001422,0.001348,0.002836,OPTIMAL,0.00703265014123,13.6915787542
8,4,22,RELIABILITY,MIN,1,0.0085737590958,1.18026142334,0.0085737590958,166.109023417,4,0.003655,0.001358,0.00507,OPTIMAL,0.00703265014123,21.913630333
8,4,22,RELIABILITY,MAX,1,0.0071109294174,1.16331222061,0.0071109294174,163.924662461,4,0.003489,0.001278,0.004822,OPTIMAL,0.00703265014123,1.1130836114
8,4,22,ENERGY,SEQ,1,153.616486837,1.09024584312,0.00869612722065,153.616486837,4,0.001127,0.002786,0.003967,OPTIMAL,139.602457598,10.0385261695
8,4,22,ENERGY,MIN,1,157.882937223,1.21634953229,0.00834153115961,157.882937223,4,0.002749,0.00243,0.005238,OPTIMAL,139.602457598,13.0946689184
8,4,22,ENERGY,MAX,1,139.602457598,1.0390166544,0.0106193445625,139.602457598,3,0.002343,0.005295,0.007694,OPTIMAL,139.602457598,0
8,4,23,COST,SEQ,1,0.953258972787,0.953258972787,0.00904950925835,218.404961327,3,0.001676,0.003148,0.004918,OPTIMAL,0.853089859116,11.7419182282
8,4,23,COST,MIN,1,0.853089859116,0.853089859116,0.00869338349426,218.404961327,3,0.002557,0.008761,0.011374,OPTIMAL,0.853089859116,0
8,4,23,COST,MAX,1,1.0587074799,1.0587074799,0.00811588025273,225.356487035,3,0.002772,0.004833,0.007662,OPTIMAL,0.853089859116,24.1026919487
8,4,23,RELIABILITY,SEQ,1,0.00661804124025,1.33230922597,0.00661804124025,252.754083817,4,0.001361,0.001285,0.002714,OPTIMAL,0.00581572203761,13.7956937668
8,4,23,RELIABILITY,MIN,1,0.00720264729073,1.38729975428,0.00720264729073,246.774521111,4,0.00332,0.001617,0.004992,OPTIMAL,0.00581572203761,23.8478600619
8,4,23,RELIABILITY,MAX,1,0.00604247184709,1.34494374013,0.00604247184709,247.169246692,4,0.003415,0.001447,0.004918,OPTIMAL,0.00581572203761,3.89891071163
8,4,23,ENERGY,SEQ,1,218.404961327,0.926818426553,0.00949334498221,218.404961327,3,0.00121,0.002411,0.003679,OPTIMAL,218.404961327,0
8,4,23,ENERGY,MIN,1,241.584409566,1.28715343445,0.00829232512263,241.584409566,4,0.002704,0.007388,0.010148,OPTIMAL,218.404961327,10.613059382
8,4,23,ENERGY,MAX,1,218.404961327,1.01667599073,0.00885276186537,218.404961327,3,0.002711,0.002266,0.005032,OPTIMAL,218.404961327,0
8,4,24,COST,SEQ,1,1.07872597437,1.07872597437,0.0036320218799,182.950206057,3,0.001561,0.008551,0.010207,OPTIMAL,1.07633620364,0.222028277591
8,4,24,COST,MIN,1,1.43999846449,1.43999846449,0.00344474233632,206.032754747,4,0.002387,0.006545,0.009004,OPTIMAL,1.07633620364,33.7870508884
8,4,24,COST,MAX,1,1.23099581848,1.23099581848,0.0041198297596,192.97646692,3,0.002479,0.002415,0.00495,OPTIMAL,1.07633620364,14.3690804343
8,4,24,RELIABILITY,SEQ,1,0.00359582212627,1.46669632496,0.00359582212627,201.102467262,4,0.001442,0.001618,0.003127,OPTIMAL,0.00253865204205,41.6429690526
8,4,24,RELIABILITY,MIN,1,0.00365425590125,1.48750362684,0.00365425590125,206.052768961,4,0.003558,0.001606,0.005221,OPTIMAL,0.00253865204205,43.9447329025
8,4,24,RELIABILITY,MAX,1,0.00272235828075,1.42617693948,0.00272235828075,201.51886687,3,0.003356,0.001353,0.004764,OPTIMAL,0.00253865204205,7.23636936671
8,4,24,ENERGY,SEQ,1,179.417399661,1.26692959133,0.00305598325272,179.417399661,3,0.001226,0.006907,0.00819,OPTIMAL,179.417399661,0
8,4,24,ENERGY,MIN,1,192.97646692,1.260796875,0.00418000926346,192.97646692,3,0.002939,0.005274,0.008268,OPTIMAL,179.417399661,7.55727553989
8,4,24,ENERGY,MAX,1,179.417399661,1.27549275106,0.00363664623751,179.417399661,3,0.002919,0.00417,0.007144,OPTIMAL,179.417399661,0
8,4,25,COST,SEQ,1,0.913443831501,0.913443831501,0.012065653932,137.93547153,3,0.001462,0.003168,0.004718,OPTIMAL,0.91224836007,0.131046706439
8,4,25,COST,MIN,1,0.92701282542,0.92701282542,0.0119531469023,137.93547153,3,0.003702,0.00244,0.006203,OPTIMAL,0.91224836007,1.61846992513
8,4,25,COST,MAX,1,0.925610006223,0.925610006223,0.0106707993794,137.93547153,3,0.002717,0.006775,0.009547,OPTIMAL,0.91224836007,1.46469390763
8,4,25,RELIABILITY,SEQ,1,0.0104253619279,1.22599054049,0.0104253619279,195.667333921,4,0.001452,0.001981,0.003506,OPTIMAL,0.00985321289451,5.80672557817
8,4,25,RELIABILITY,MIN,1,0.0111290744451,1.32391459437,0.0111290744451,186.711479695,4,0.003586,0.001491,0.005135,OPTIMAL,0.00985321289451,12.9486855122
8,4,25,RELIABILITY,MAX,1,0.0104697363471,1.32836924713,0.0104697363471,209.232434004,4,0.003434,0.001437,0.004928,OPTIMAL,0.00985321289451,6.25708039764
8,4,25,ENERGY,SEQ,1,137.8301688,0.940826478361,0.0107123485736,137.8301688,3,0.001062,0.002616,0.003747,OPTIMAL,137.8301688,0
8,4,25,ENERGY,MIN,1,137.8301688,1.03049550122,0.0117115956732,137.8301688,3,0.002587,0.006482,0.009127,OPTIMAL,137.8301688,0
8,4,25,ENERGY,MAX,1,137.8301688,0.954559167893,0.0107622736457,137.8301688,3,0.002622,0.002263,0.004941,OPTIMAL,137.8301688,0
8,4,26,COST,SEQ,1,0.976777589789,0.976777589789,0.00596101256583,208.867327273,3,0.001666,0.006126,0.007888,OPTIMAL,0.87232624769,11.9738850431
8,4,26,COST,MIN,1,1.06032983068,1.06032983068,0.00481626038442,192.920890889,3,0.002499,0.007807,0.010371,OPTIMAL,0.87232624769,21.5519805218
8,4,26,COST,MAX,1,1.02446585541,1.02446585541,0.00607042484406,213.015272783,3,0.002405,0.007979,0.010442,OPTIMAL,0.87232624769,17.4406775128
8,4,26,RELIABILITY,SEQ,1,0.00460612123551,1.10336788575,0.00460612123551,192.920890889,3,0.001289,0.001485,0.002844,OPTIMAL,0.00441817087162,4.25403112162
8,4,26,RELIABILITY,MIN,1,0.00564422956317,1.21089495712,0.00564422956317,235.356881925,4,0.003468,0.001973,0.005499,OPTIMAL,0.00441817087162,27.7503683576
8,4,26,RELIABILITY,MAX,1,0.00482323800203,1.17657236212,0.00482323800203,192.920890889,3,0.003344,0.001268,0.004667,OPTIMAL,0.00441817087162,9.16820879442
8,4,26,ENERGY,SEQ,1,213.015272783,1.05974703737,0.00566391585083,213.015272783,3,0.001171,0.00388,0.005108,OPTIMAL,183.647361878,15.991468979
8,4,26,ENERGY,MIN,1,225.702506865,1.29486672382,0.00561963821792,225.702506865,4,0.002333,0.003582,0.005974,OPTIMAL,183.647361878,22.8999450675
8,4,26,ENERGY,MAX,1,183.647361878,1.03592898036,0.00771819631225,183.647361878,3,0.00256,0.002459,0.005076,OPTIMAL,183.647361878,0
8,4,27,COST,SEQ,1,1.29759511786,1.29759511786,0.00981610325971,163.960749941,3,0.001581,0.011866,0.013535,OPTIMAL,1.26980849447,2.18825307241
8,4,27,COST,MIN,1,1.26980849447,1.26980849447,0.00889176314906,163.658768421,3,0.002808,0.005319,0.008189,OPTIMAL,1.26980849447,0
8,4,27,COST,MAX,1,1.37171368531,1.37171368531,0.0106014218354,163.960749941,3,0.002738,0.004802,0.007596,OPTIMAL,1.26980849447,8.02524091524
8,4,27,RELIABILITY,SEQ,1,0.00665088300615,1.73258223982,0.00665088300615,186.450465079,4,0.001332,0.00199,0.003384,OPTIMAL,0.00528587673253,25.8236493716
8,4,27,RELIABILITY,MIN,1,0.00767664610217,1.75716269147,0.00767664610217,188.140433972,4,0.003551,0.001368,0.004982,OPTIMAL,0.00528587673253,45.2293818154
8,4,27,RELIABILITY,MAX,1,0.00533891706825,1.72035729095,0.00533891706825,185.960917257,4,0.003502,0.001367,0.004923,OPTIMAL,0.00528587673253,1.00343497222
8,4,27,ENERGY,SEQ,1,163.658768421,1.36089791564,0.00878688479601,163.658768421,3,0.001201,0.005165,0.006426,OPTIMAL,152.749600964,7.14186314595
8,4,27,ENERGY,MIN,1,163.658768421,1.44842039937,0.010230060335,163.658768421,3,0.002369,0.008162,0.010586,OPTIMAL,152.749600964,7.14186314595
8,4,27,ENERGY,MAX,1,152.749600964,1.36980023581,0.00709622903858,152.749600964,3,0.002552,0.00239,0.004999,OPTIMAL,152.749600964,0
8,4,28,COST,SEQ,1,1.01080017251,1.01080017251,0.0118762171125,200.757327495,3,0.001869,0.006565,0.00853,OPTIMAL,0.955187285475,5.8221971633
8,4,28,COST,MIN,1,1.13853808541,1.13853808541,0.0106729852098,224.260891936,4,0.002303,0.004824,0.00719,OPTIMAL,0.955187285475,19.1952722493
8,4,28,COST,MAX,1,1.23237196724,1.23237196724,0.0103946923564,223.594114594,4,0.002633,0.002203,0.004889,OPTIMAL,0.955187285475,29.0188831002
8,4,28,RELIABILITY,SEQ,1,0.00974229052084,1.39475665557,0.00974229052084,222.386604679,4,0.001201,0.001598,0.002874,OPTIMAL,0.00882552175734,10.3877004522
8,4,28,RELIABILITY,MIN,1,0.0108744109596,1.39635816281,0.0108744109596,228.711820932,4,0.008364,0.001216,0.009636,OPTIMAL,0.00882552175734,23.2155022515
8,4,28,RELIABILITY,MAX,1,0.00906135899177,1.37121079832,0.00906135899177,222.89078376,4,0.003427,0.001197,0.004681,OPTIMAL,0.00882552175734,2.67221860548
8,4,28,ENERGY,SEQ,1,223.053382021,1.3656728639,0.00991183540977,223.053382021,4,0.000984,0.004854,0.0059,OPTIMAL,200.757327495,11.1059729695
8,4,28,ENERGY,MIN,1,222.260559908,1.34434527964,0.0101893666996,222.260559908,4,0.002441,0.006101,0.008597,OPTIMAL,200.757327495,10.7110573155
8,4,28,ENERGY,MAX,1,200.757327495,0.982654131331,0.0118784037297,200.757327495,3,0.002509,0.003659,0.006223,OPTIMAL,200.757327495,0
8,4,29,COST,SEQ,1,1.12751548772,1.12751548772,0.00714316269706,221.052031361,4,0.001633,0.006792,0.008526,OPTIMAL,0.834108809872,35.1760674842
8,4,29,COST,MIN,1,1.12751548772,1.12751548772,0.00714316269706,221.052031361,4,0.002107,0.005207,0.007385,OPTIMAL,0.834108809872,35.1760674842
8,4,29,COST,MAX,1,1.12844205196,1.12844205196,0.00563753513278,167.152813217,3,0.002621,0.007029,0.009706,OPTIMAL,0.834108809872,35.2871518208
8,4,29,RELIABILITY,SEQ,1,0.00518422114621,1.21752656372,0.00518422114621,167.152813217,3,0.001611,0.00176,0.003445,OPTIMAL,0.00493885156454,4.96815056029
8,4,29,RELIABILITY,MIN,1,0.00666946445755,1.32892951068,0.00666946445755,208.694444772,4,0.003242,0.001952,0.00525,OPTIMAL,0.00493885156454,35.0407958286
8,4,29,RELIABILITY,MAX,1,0.00493885156454,1.07905500058,0.00493885156454,167.152813217,3,0.00367,0.001581,0.005306,OPTIMAL,0.00493885156454,0
8,4,29,ENERGY,SEQ,1,166.613070196,1.11081515622,0.00550539917693,166.613070196,3,0.001099,0.00275,0.003912,OPTIMAL,166.613070196,0
8,4,29,ENERGY,MIN,1,166.613070196,1.13127712816,0.00562589368852,166.613070196,3,0.002627,0.009362,0.012045,OPTIMAL,166.613070196,0
8,4,29,ENERGY,MAX,1,166.613070196,1.23234576117,0.00531027277317,166.613070196,3,0.00262,0.002423,0.005101,OPTIMAL,166.613070196,0
8,4,30,COST,SEQ,1,1.15348409152,1.15348409152,0.0118708073,143.91546641,4,0.001464,0.013534,0.01509,OPTIMAL,1.15348409152,0
8,4,30,COST,MIN,1,1.26241646392,1.26241646392,0.0132468814573,146.429167281,4,0.002314,0.005158,0.007534,OPTIMAL,1.15348409152,9.44376894328
8,4,30,COST,MAX,1,1.28512925499,1.28512925499,0.0110799377949,148.378536066,4,0.002531,0.008236,0.010821,OPTIMAL,1.15348409152,11.412828702
8,4,30,RELIABILITY,SEQ,1,0.0108891166327,1.30903552305,0.0108891166327,143.994577048,4,0.001276,0.001618,0.00296,OPTIMAL,0.00928416339064,17.2869991031
8,4,30,RELIABILITY,MIN,1,0.0125672757831,1.33252897845,0.0125672757831,139.813673435,4,0.003436,0.001396,0.004893,OPTIMAL,0.00928416339064,35.362501222
8,4,30,RELIABILITY,MAX,1,0.00990549950606,1.45168697337,0.00990549950606,150.733600736,4,0.003439,0.001238,0.004736,OPTIMAL,0.00928416339064,6.69242977829
8,4,30,ENERGY,SEQ,1,138.032253695,1.36093890331,0.0109332430545,138.032253695,4,0.001169,0.004572,0.005805,OPTIMAL,133.974879924,3.02845859873
8,4,30,ENERGY,MIN,1,136.161995549,1.4245273681,0.0120636941176,136.161995549,4,0.0024,0.005245,0.0077,OPTIMAL,133.974879924,1.63248186958
8,4,30,ENERGY,MAX,1,134.707161055,1.40167491004,0.0117581479784,134.707161055,4,0.00255,0.004957,0.007561,OPTIMAL,133.974879924,0.546580919779
10,4,1,COST,SEQ,1,0.843764847042,0.843764847042,0.0146494856257,194.319530431,3,0.002042,0.005369,0.007513,OPTIMAL,0.797568346956,5.79216818999
10,4,1,COST,MIN,1,0.860687121932,0.860687121932,0.0159849664979,194.319530431,3,0.003187,0.006819,0.010067,OPTIMAL,0.797568346956,7.9139017009
10,4,1,COST,MAX,1,0.986528741283,0.986528741283,0.015091806182,194.319530431,3,0.003279,0.005025,0.00836,OPTIMAL,0.797568346956,23.6920628869
10,4,1,RELIABILITY,SEQ,1,0.0142943986336,1.35295899137,0.0142943986336,227.752452359,4,0.001922,0.00184,0.00382,OPTIMAL,0.0114551014998,24.7863114431
10,4,1,RELIABILITY,MIN,1,0.0166693940406,1.37651593217,0.0166693940406,229.092972419,4,0.004465,0.002248,0.006769,OPTIMAL,0.0114551014998,45.5193918706
10,4,1,RELIABILITY,MAX,1,0.0117972261918,1.3636253371,0.0117972261918,227.280433007,4,0.004665,0.002362,0.007085,OPTIMAL,0.0114551014998,2.9866578832
10,4,1,ENERGY,SEQ,1,192.400884651,0.894657207651,0.0156676320057,192.400884651,3,0.001253,0.007091,0.0084,OPTIMAL,192.400884651,0
10,4,1,ENERGY,MIN,1,192.400884651,0.947985098753,0.0154017643085,192.400884651,3,0.003413,0.007779,0.011248,OPTIMAL,192.400884651,0
10,4,1,ENERGY,MAX,1,192.400884651,0.919321534467,0.01426497726,192.400884651,3,0.003707,0.008146,0.011909,OPTIMAL,192.400884651,0
10,4,2,COST,SEQ,1,1.06849820109,1.06849820109,0.00910298860982,236.956858783,3,0.001883,0.016394,0.018368,OPTIMAL,0.842489672041,26.8262670214
10,4,2,COST,MIN,1,0.842489672041,0.842489672041,0.0142034224245,237.035004849,3,0.003472,0.004624,0.008155,OPTIMAL,0.842489672041,0
10,4,2,COST,MAX,1,1.0767624554,1.0767624554,0.0146914626041,237.035004849,3,0.003613,0.002824,0.006496,OPTIMAL,0.842489672041,27.8071994386
10,4,2,RELIABILITY,SEQ,1,0.008512528628,1.31392459752,0.008512528628,268.398746726,4,0.001706,0.002443,0.00421,OPTIMAL,0.00732987018593,16.1347801813
10,4,2,RELIABILITY,MIN,1,0.00995762699581,1.39090089037,0.00995762699581,272.880231808,4,0.004469,0.002377,0.006901,OPTIMAL,0.00732987018593,35.8499774652
10,4,2,RELIABILITY,MAX,1,0.00761852038234,1.2076500329,0.00761852038234,236.956858783,3,0.004568,0.001836,0.006458,OPTIMAL,0.00732987018593,3.93799875155
10,4,2,ENERGY,SEQ,1,223.294827993,1.12632097418,0.0155214205614,223.294827993,3,0.001538,0.009759,0.011353,OPTIMAL,223.294827993,0
10,4,2,ENERGY,MIN,1,223.811844055,1.07277288499,0.0172777705246,223.811844055,3,0.003352,0.010275,0.013687,OPTIMAL,223.294827993,0.23153964951
10,4,2,ENERGY,MAX,1,223.294827993,1.13935976417,0.014543099243,223.294827993,3,0.004182,0.003029,0.007266,OPTIMAL,223.294827993,0
10,4,3,COST,SEQ,1,0.93591217485,0.93591217485,0.0112619093614,176.599490464,4,0.001999,0.027586,0.029686,OPTIMAL,0.93591217485,0
10,4,3,COST,MIN,1,0.93591217485,0.93591217485,0.0112619093614,176.599490464,4,0.006147,0.01391,0.020114,OPTIMAL,0.93591217485,0
10,4,3,COST,MAX,1,0.93591217485,0.93591217485,0.0112619093614,176.599490464,4,0.00351,0.023122,0.026691,OPTIMAL,0.93591217485,0
10,4,3,RELIABILITY,SEQ,1,0.00967224212612,1.1836520988,0.00967224212612,182.153826769,4,0.001717,0.002392,0.004182,OPTIMAL,0.00809513369778,19.4821788894
10,4,3,RELIABILITY,MIN,1,0.0110943936835,1.29522290217,0.0110943936835,179.425237788,4,0.004264,0.00215,0.006477,OPTIMAL,0.00809513369778,37.0501599817
10,4,3,RELIABILITY,MAX,1,0.00994206656811,1.14422887774,0.00994206656811,184.224558091,4,0.00429,0.0018,0.006146,OPTIMAL,0.00809513369778,22.8153473344
10,4,3,ENERGY,SEQ,1,159.509533479,1.25057629452,0.0140484413519,159.509533479,4,0.001605,0.003679,0.00534,OPTIMAL,154.022072798,3.56277550454
10,4,3,ENERGY,MIN,1,162.883782485,1.11058930834,0.0147361288805,162.883782485,4,0.003361,0.003752,0.007169,OPTIMAL,154.022072798,5.7535322867
10,4,3,ENERGY,MAX,1,154.022072798,1.24687157415,0.0137829809943,154.022072798,4,0.003422,0.003011,0.006488,OPTIMAL,154.022072798,0
10,4,4,COST,SEQ,1,1.13668370009,1.13668370009,0.0171692105157,224.350692147,4,0.002663,0.021099,0.023885,OPTIMAL,1.13566460631,0.0897354525625
10,4,4,COST,MIN,1,1.13566460631,1.13566460631,0.016449357483,226.157684697,4,0.004443,0.00965,0.014182,OPTIMAL,1.13566460631,0
10,4,4,COST,MAX,1,1.13695662163,1.13695662163,0.0162141590513,221.47717244,4,0.00438,0.01989,0.024359,OPTIMAL,1.13566460631,0.11376733179
10,4,4,RELIABILITY,SEQ,1,0.0150801538577,1.40280550514,0.0150801538577,221.391742393,4,0.002307,0.002246,0.004644,OPTIMAL,0.0140824379366,7.08482384669
10,4,4,RELIABILITY,MIN,1,0.0162287882733,1.31009487671,0.0162287882733,221.509680946,4,0.006152,0.002289,0.00852,OPTIMAL,0.0140824379366,15.2413264412
10,4,4,RELIABILITY,MAX,1,0.0145995063146,1.37283128721,0.0145995063146,218.734012325,4,0.006218,0.002508,0.008791,OPTIMAL,0.0140824379366,3.67172488454
10,4,4,ENERGY,SEQ,1,218.327275125,1.36573393922,0.0156903468124,218.327275125,4,0.001954,0.009221,0.011246,OPTIMAL,215.38074641,1.36805576357
10,4,4,ENERGY,MIN,1,216.434852528,1.36881766084,0.0166878203488,216.434852528,4,0.004265,0.00667,0.011023,OPTIMAL,215.38074641,0.489415203402
10,4,4,ENERGY,MAX,1,217.606897199,1.3291549908,0.0159761472142,217.606897199,4,0.004433,0.008622,0.013133,OPTIMAL,215.38074641,1.03358857565
10,4,5,COST,SEQ,1,1.45857778745,1.45857778745,0.00809362166558,239.637599622,4,0.002064,0.019674,0.021829,OPTIMAL,1.09369268538,33.3626718869
10,4,5,COST,MIN,1,1.16137155108,1.16137155108,0.00746323971738,203.840990573,3,0.003187,0.003195,0.006446,OPTIMAL,1.09369268538,6.18810627541
10,4,5,COST,MAX,1,1.32677085815,1.32677085815,0.00758884787245,197.619246778,3,0.003249,0.007667,0.01097,OPTIMAL,1.09369268538,21.3111211112
10,4,5,RELIABILITY,SEQ,1,0.00735070007973,1.39737324894,0.00735070007973,193.795120088,3,0.001958,0.002011,0.004027,OPTIMAL,0.00693353672308,6.01660268513
10,4,5,RELIABILITY,MIN,1,0.00768618179908,1.67446875253,0.00768618179908,223.194496317,4,0.004931,0.002546,0.007535,OPTIMAL,0.00693353672308,10.8551393908
10,4,5,RELIABILITY,MAX,1,0.0072138700523,1.30210298214,0.0072138700523,197.619246778,3,0.005049,0.002177,0.007284,OPTIMAL,0.00693353672308,4.04315056536
10,4,5,ENERGY,SEQ,1,194.05694785,1.28278375704,0.00738851073768,194.05694785,3,0.00139,0.003047,0.004494,OPTIMAL,193.795120088,0.135105446384
10,4,5,ENERGY,MIN,1,220.516966173,1.68215210729,0.0077400281987,220.516966173,4,0.003326,0.004022,0.007406,OPTIMAL,193.795120088,13.7887094748
10,4,5,ENERGY,MAX,1,193.795120088,1.20502908361,0.00745840901194,193.795120088,3,0.003368,0.002824,0.006249,OPTIMAL,193.795120088,0
10,4,6,COST,SEQ,1,0.983343027659,0.983343027659,0.0101287052269,162.050696337,3,0.001809,0.003496,0.005397,OPTIMAL,0.889637916201,10.5329493889
10,4,6,COST,MIN,1,0.89222012309,0.89222012309,0.0101582493592,162.050696337,3,0.002725,0.002603,0.005386,OPTIMAL,0.889637916201,0.290253691115
10,4,6,COST,MAX,1,1.03788354958,1.03788354958,0.00933669897831,162.050696337,3,0.004313,0.002719,0.007089,OPTIMAL,0.889637916201,16.6635920833
10,4,6,RELIABILITY,SEQ,1,0.00539209848263,1.16703422476,0.00539209848263,188.609916965,3,0.001858,0.00197,0.0039,OPTIMAL,0.00481617935309,11.9580083571
10,4,6,RELIABILITY,MIN,1,0.00679866857084,1.45802983357,0.00679866857084,203.136770166,4,0.004534,0.002807,0.007395,OPTIMAL,0.00481617935309,41.1631102664
10,4,6,RELIABILITY,MAX,1,0.00497568721921,1.23217496969,0.00497568721921,188.609916965,3,0.004552,0.001736,0.006346,OPTIMAL,0.00481617935309,3.31191706989
10,4,6,ENERGY,SEQ,1,188.609916965,1.18817368799,0.00533277047812,188.609916965,3,0.001588,0.002965,0.004609,OPTIMAL,162.050696337,16.3894517137
10,4,6,ENERGY,MIN,1,178.612436448,1.05465549586,0.0104043527466,178.612436448,3,0.003615,0.012634,0.016306,OPTIMAL,162.050696337,10.2200980836
10,4,6,ENERGY,MAX,1,188.609916965,1.19984679238,0.00529522477339,188.609916965,3,0.003578,0.003032,0.006665,OPTIMAL,162.050696337,16.3894517137
10,4,7,COST,SEQ,1,0.973115310738,0.973115310738,0.0107723255304,151.104007348,3,0.00183,0.007005,0.00893,OPTIMAL,0.955713891609,1.82077704238
10,4,7,COST,MIN,1,0.955713891609,0.955713891609,0.0108928771509,151.104007348,3,0.003063,0.004775,0.007901,OPTIMAL,0.955713891609,0
10,4,7,COST,MAX,1,1.03808234214,1.03808234214,0.00952258714611,184.281360568,3,0.003344,0.022955,0.026356,OPTIMAL,0.955713891609,8.61852603082
10,4,7,RELIABILITY,SEQ,1,0.00996820709901,1.24350330682,0.00996820709901,184.281360568,3,0.001854,0.001799,0.003719,OPTIMAL,0.00874767366412,13.9526630937
10,4,7,RELIABILITY,MIN,1,0.0107468444496,1.55544047455,0.0107468444496,195.336000969,4,0.004796,0.00239,0.007241,OPTIMAL,0.00874767366412,22.8537421751
10,4,7,RELIABILITY,MAX,1,0.00971538574673,1.55778629383,0.00971538574673,199.460848187,4,0.004883,0.002375,0.007314,OPTIMAL,0.00874767366412,11.0625078138
10,4,7,ENERGY,SEQ,1,151.502685841,1.18002474404,0.0109863385768,151.502685841,3,0.00143,0.003162,0.004649,OPTIMAL,151.104007348,0.26384375907
10,4,7,ENERGY,MIN,1,151.104007348,1.1729591404,0.0110260863853,151.104007348,3,0.003432,0.013493,0.01698,OPTIMAL,151.104007348,0
10,4,7,ENERGY,MAX,1,151.104007348,1.05553353648,0.0107432087415,151.104007348,3,0.003664,0.003024,0.006746,OPTIMAL,151.104007348,0
10,4,8,COST,SEQ,1,1.12188041794,1.12188041794,0.0162671861205,141.948763211,3,0.001793,0.023209,0.02509,OPTIMAL,1.01823751635,10.1786567412
10,4,8,COST,MIN,1,1.11266327042,1.11266327042,0.0173511111283,141.948763211,3,0.003282,0.002988,0.006334,OPTIMAL,1.01823751635,9.27345069854
10,4,8,COST,MAX,1,1.28861064565,1.28861064565,0.0164019084043,141.948763211,3,0.00308,0.002782,0.005923,OPTIMAL,1.01823751635,26.5530512248
10,4,8,RELIABILITY,SEQ,1,0.0155123880909,1.46872790212,0.0155123880909,120.637564004,3,0.001779,0.002205,0.004062,OPTIMAL,0.0136181286719,13.9098363999
10,4,8,RELIABILITY,MIN,1,0.0174814753291,1.68546952614,0.0174814753291,149.388503046,4,0.004824,0.002595,0.007473,OPTIMAL,0.0136181286719,28.3691449112
10,4,8,RELIABILITY,MAX,1,0.0136261116627,1.33213683146,0.0136261116627,120.637564004,3,0.004479,0.001956,0.006491,OPTIMAL,0.0136181286719,0.058620321031
10,4,8,ENERGY,SEQ,1,120.637564004,1.53302813573,0.0153676734434,120.637564004,3,0.001528,0.003216,0.004799,OPTIMAL,120.637564004,0
10,4,8,ENERGY,MIN,1,152.34416393,1.50202492967,0.0215728348233,152.34416393,3,0.003383,0.005346,0.008788,OPTIMAL,120.637564004,26.2825266633
10,4,8,ENERGY,MAX,1,120.637564004,1.43240630738,0.0144435550034,120.637564004,3,0.003309,0.002812,0.006179,OPTIMAL,120.637564004,0
10,4,9,COST,SEQ,1,1.24007738118,1.24007738118,0.00621817213096,225.587181162,4,0.001976,0.018671,0.020746,OPTIMAL,0.924237659384,34.1729985346
10,4,9,COST,MIN,1,0.939454281394,0.939454281394,0.00656153648556,167.314130658,3,0.003509,0.007005,0.010576,OPTIMAL,0.924237659384,1.64639709879
10,4,9,COST,MAX,1,1.14185044215,1.14185044215,0.00552420692861,173.527394292,3,0.003687,0.006323,0.010069,OPTIMAL,0.924237659384,23.5451109961
10,4,9,RELIABILITY,SEQ,1,0.00582740099895,1.45347684979,0.00582740099895,226.123979962,4,0.00177,0.001611,0.00344,OPTIMAL,0.00491434644962,18.5793687663
10,4,9,RELIABILITY,MIN,1,0.00582414817836,1.32782694766,0.00582414817836,216.333493823,4,0.004579,0.002669,0.007305,OPTIMAL,0.00491434644962,18.5131784679
10,4,9,RELIABILITY,MAX,1,0.00530783822601,1.41349859395,0.00530783822601,235.003817143,4,0.004318,0.001623,0.005999,OPTIMAL,0.00491434644962,8.00700114309
10,4,9,ENERGY,SEQ,1,206.2171104,1.50385930555,0.00612185864571,206.2171104,4,0.001261,0.00299,0.004306,OPTIMAL,167.314130658,23.2514609426
10,4,9,ENERGY,MIN,1,173.527394292,1.12834195601,0.00598503824824,173.527394292,3,0.003393,0.002934,0.006383,OPTIMAL,167.314130658,3.71353191089
10,4,9,ENERGY,MAX,1,167.314130658,1.16933892635,0.00585065244121,167.314130658,3,0.003491,0.002683,0.006231,OPTIMAL,167.314130658,0
10,4,10,COST,SEQ,1,1.2790824497,1.2790824497,0.00730438421944,271.16033483,4,0.001746,0.015306,0.017144,OPTIMAL,1.2790824497,0
10,4,10,COST,MIN,1,1.2790824497,1.2790824497,0.00730438421944,271.16033483,4,0.003289,0.009086,0.012439,OPTIMAL,1.2790824497,0
10,4,10,COST,MAX,1,1.41920240844,1.41920240844,0.00630398134794,271.47808451,4,0.003514,0.008655,0.012227,OPTIMAL,1.2790824497,10.954724519
10,4,10,RELIABILITY,SEQ,1,0.00647956671534,1.5645982374,0.00647956671534,280.46156557,4,0.001638,0.002028,0.003732,OPTIMAL,0.00582881713581,11.1643505768
10,4,10,RELIABILITY,MIN,1,0.00646606311057,1.57376142595,0.00646606311057,280.114117435,4,0.005062,0.001834,0.006954,OPTIMAL,0.00582881713581,10.9326808495
10,4,10,RELIABILITY,MAX,1,0.00614907464284,1.48518637771,0.00614907464284,280.367278923,4,0.005001,0.001854,0.006912,OPTIMAL,0.00582881713581,5.49438247179
10,4,10,ENERGY,SEQ,1,272.621851149,1.62933820151,0.0070449549352,272.621851149,4,0.001329,0.007298,0.008691,OPTIMAL,264.11499461,3.2208911696
10,4,10,ENERGY,MIN,1,272.621851149,1.58172937372,0.00705220673695,272.621851149,4,0.002989,0.008913,0.01196,OPTIMAL,264.11499461,3.2208911696
10,4,10,ENERGY,MAX,1,264.368156098,1.47816559659,0.00658403054661,264.368156098,4,0.003607,0.006377,0.010041,OPTIMAL,264.11499461,0.0958527507802
10,4,11,COST,SEQ,1,1.29661816329,1.29661816329,0.00386614636787,237.890839705,4,0.001721,0.007523,0.009331,OPTIMAL,1.23891978003,4.65715247922
10,4,11,COST,MIN,1,1.27330799068,1.27330799068,0.00384820636587,236.798197709,4,0.002646,0.018974,0.021681,OPTIMAL,1.23891978003,2.77566079731
10,4,11,COST,MAX,1,1.25458832985,1.25458832985,0.00411181790166,240.215225286,4,0.003482,0.017245,0.020783,OPTIMAL,1.23891978003,1.26469445943
10,4,11,RELIABILITY,SEQ,1,0.00384674120079,1.5629643038,0.00384674120079,235.334180233,4,0.00183,0.002328,0.004222,OPTIMAL,0.00321533953356,19.6371692832
10,4,11,RELIABILITY,MIN,1,0.00381607134901,1.44849753641,0.00381607134901,238.872715866,4,0.004569,0.002026,0.006654,OPTIMAL,0.00321533953356,18.6833088444
10,4,11,RELIABILITY,MAX,1,0.00347471107653,1.44215640812,0.00347471107653,237.626475972,4,0.004601,0.001696,0.006354,OPTIMAL,0.00321533953356,8.0666921879
10,4,11,ENERGY,SEQ,1,233.588205492,1.59393618015,0.0041446100506,233.588205492,4,0.001427,0.005147,0.006631,OPTIMAL,231.513687335,0.89606717491
10,4,11,ENERGY,MIN,1,231.513687335,1.56206081626,0.0044334860073,231.513687335,4,0.003507,0.008295,0.01186,OPTIMAL,231.513687335,0
10,4,11,ENERGY,MAX,1,231.513687335,1.43595701729,0.0039638683008,231.513687335,4,0.003641,0.017892,0.021603,OPTIMAL,231.513687335,0
10,4,12,COST,SEQ,1,1.18361121431,1.18361121431,0.0123725692231,247.823910716,4,0.001794,0.013598,0.01548,OPTIMAL,1.12608022963,5.1089596611
10,4,12,COST,MIN,1,1.12608022963,1.12608022963,0.0119980481042,249.869043586,4,0.003473,0.007803,0.011336,OPTIMAL,1.12608022963,0
10,4,12,COST,MAX,1,1.13363126329,1.13363126329,0.0121214832903,249.350656851,4,0.003726,0.016862,0.020643,OPTIMAL,1.12608022963,0.670559118793
10,4,12,RELIABILITY,SEQ,1,0.0108720883391,1.38685757792,0.0108720883391,249.458241142,4,0.001712,0.002481,0.004261,OPTIMAL,0.010678946704,1.80862064821
10,4,12,RELIABILITY,MIN,1,0.0116134978348,1.34157034302,0.0116134978348,256.57358508,4,0.005116,0.002128,0.0073,OPTIMAL,0.010678946704,8.75134183856
10,4,12,RELIABILITY,MAX,1,0.0108720883391,1.38685757792,0.0108720883391,249.458241142,4,0.005015,0.002131,0.007202,OPTIMAL,0.010678946704,1.80862064821
10,4,12,ENERGY,SEQ,1,241.824510468,1.4850802412,0.0128485331075,241.824510468,4,0.001476,0.008583,0.010115,OPTIMAL,241.824510468,0
10,4,12,ENERGY,MIN,1,241.824510468,1.40895140781,0.0116039945478,241.824510468,4,0.004426,0.009663,0.014148,OPTIMAL,241.824510468,0
10,4,12,ENERGY,MAX,1,241.824510468,1.31240247838,0.0127787698146,241.824510468,4,0.003516,0.006136,0.009708,OPTIMAL,241.824510468,0
10,4,13,COST,SEQ,1,1.05416795647,1.05416795647,0.0108248419714,178.325840779,3,0.001961,0.008501,0.010551,OPTIMAL,0.948774591145,11.1083671828
10,4,13,COST,MIN,1,1.29477916678,1.29477916678,0.0103069680961,202.394813123,4,0.004634,0.007985,0.012684,OPTIMAL,0.948774591145,36.4685752404
10,4,13,COST,MAX,1,1.0947600923,1.0947600923,0.0116330499215,167.324482869,3,0.00311,0.022302,0.025467,OPTIMAL,0.948774591145,15.3867422796
10,4,13,RELIABILITY,SEQ,1,0.00667023789608,1.43069242107,0.00667023789608,219.855285102,4,0.001684,0.002425,0.004175,OPTIMAL,0.0055435115316,20.3251379211
10,4,13,RELIABILITY,MIN,1,0.00811720350857,1.50011434657,0.00811720350857,228.127566335,4,0.004891,0.002039,0.006986,OPTIMAL,0.0055435115316,46.4271060372
10,4,13,RELIABILITY,MAX,1,0.00617459678295,1.54746463944,0.00617459678295,225.913586112,4,0.004754,0.002199,0.00701,OPTIMAL,0.0055435115316,11.3842146399
10,4,13,ENERGY,SEQ,1,196.441787111,1.44277772382,0.0114259571215,196.441787111,4,0.001733,0.006814,0.008603,OPTIMAL,167.324482869,17.401699825
10,4,13,ENERGY,MIN,1,200.648614802,1.36886267316,0.0107576706957,200.648614802,4,0.003308,0.003813,0.007181,OPTIMAL,167.324482869,19.9158732554
10,4,13,ENERGY,MAX,1,190.599216528,1.39027227238,0.0115560497167,190.599216528,3,0.00374,0.003135,0.006929,OPTIMAL,167.324482869,13.9099390957
10,4,14,COST,SEQ,1,1.09262150293,1.09262150293,0.0181651970885,199.244742879,4,0.001823,0.009022,0.010935,OPTIMAL,1.02564597268,6.53008270248
10,4,14,COST,MIN,1,1.02564597268,1.02564597268,0.0151858856888,196.448859363,4,0.003305,0.012966,0.01634,OPTIMAL,1.02564597268,0
10,4,14,COST,MAX,1,1.02564597268,1.02564597268,0.0151858856888,196.448859363,4,0.003334,0.020248,0.023643,OPTIMAL,1.02564597268,0
10,4,14,RELIABILITY,SEQ,1,0.0149284789997,1.28733335882,0.0149284789997,196.343324538,4,0.001692,0.001907,0.003671,OPTIMAL,0.0120387096775,24.0039788282
10,4,14,RELIABILITY,MIN,1,0.0156775893262,1.17031926691,0.0156775893262,196.343324538,4,0.004509,0.001782,0.006347,OPTIMAL,0.0120387096775,30.2264922589
10,4,14,RELIABILITY,MAX,1,0.012418458665,1.26985127179,0.012418458665,199.778690683,4,0.004724,0.001697,0.006482,OPTIMAL,0.0120387096775,3.15439941352
10,4,14,ENERGY,SEQ,1,186.576326325,1.27677156251,0.0179161779854,186.576326325,4,0.001193,0.006848,0.008107,OPTIMAL,180.139159433,3.57344117358
10,4,14,ENERGY,MIN,1,190.962627156,1.23702150226,0.0181202636444,190.962627156,4,0.003531,0.005,0.008588,OPTIMAL,180.139159433,6.00839248798
10,4,14,ENERGY,MAX,1,186.370409094,1.12392266352,0.0177810587355,186.370409094,4,0.00333,0.006352,0.009737,OPTIMAL,180.139159433,3.45913108551
10,4,15,COST,SEQ,1,1.06693814215,1.06693814215,0.0142892088377,203.581427677,3,0.002513,0.019174,0.021773,OPTIMAL,0.939847761998,13.5224432398
10,4,15,COST,MIN,1,1.01050359584,1.01050359584,0.0137541072216,203.581427677,3,0.003265,0.032161,0.035493,OPTIMAL,0.939847761998,7.51779561587
10,4,15,COST,MAX,1,1.10365178231,1.10365178231,0.0210598496897,219.160054049,3,0.003507,0.003151,0.006716,OPTIMAL,0.939847761998,17.4287822915
10,4,15,RELIABILITY,SEQ,1,0.0118252055783,1.22346482118,0.0118252055783,203.581427677,3,0.002025,0.001933,0.004022,OPTIMAL,0.010660173492,10.9288285711
10,4,15,RELIABILITY,MIN,1,0.0118252055783,1.22346482118,0.0118252055783,203.581427677,3,0.004972,0.001661,0.00669,OPTIMAL,0.010660173492,10.9288285711
10,4,15,RELIABILITY,MAX,1,0.0117970214364,1.29128138495,0.0117970214364,203.581427677,3,0.004818,0.001847,0.006721,OPTIMAL,0.010660173492,10.6644412996
10,4,15,ENERGY,SEQ,1,191.166630365,1.35068090837,0.0135160033928,191.166630365,3,0.001522,0.014353,0.015934,OPTIMAL,191.166630365,0
10,4,15,ENERGY,MIN,1,191.166630365,1.38637848267,0.014641028589,191.166630365,3,0.003188,0.012977,0.016222,OPTIMAL,191.166630365,0
10,4,15,ENERGY,MAX,1,191.166630365,1.3469645639,0.0154525699407,191.166630365,3,0.003641,0.003285,0.006983,OPTIMAL,191.166630365,0
10,4,16,COST,SEQ,1,0.911424555659,0.911424555659,0.0101317930205,165.044773125,3,0.002048,0.016717,0.018862,OPTIMAL,0.673656569423,35.2951336079
10,4,16,COST,MIN,1,0.935899732892,0.935899732892,0.0108380425495,160.00475363,4,0.003438,0.01017,0.013676,OPTIMAL,0.673656569423,38.9283167971
10,4,16,COST,MAX,1,0.923292295919,0.923292295919,0.00949039510595,163.630433444,3,0.003522,0.027131,0.03071,OPTIMAL,0.673656569423,37.0568235845
10,4,16,RELIABILITY,SEQ,1,0.00977058704982,1.12207466557,0.00977058704982,175.625871922,4,0.001918,0.002069,0.00405,OPTIMAL,0.00881764395534,10.8072303589
10,4,16,RELIABILITY,MIN,1,0.0104120170289,1.21624264931,0.0104120170289,171.271415124,4,0.004695,0.002253,0.007005,OPTIMAL,0.00881764395534,18.0816222753
10,4,16,RELIABILITY,MAX,1,0.00919565699531,1.11880181129,0.00919565699531,175.625871922,4,0.004697,0.001957,0.006708,OPTIMAL,0.00881764395534,4.28700729906
10,4,16,ENERGY,SEQ,1,138.084992685,0.911905023353,0.0100073156248,138.084992685,3,0.001408,0.003099,0.004563,OPTIMAL,138.084992685,0
10,4,16,ENERGY,MIN,1,159.733822167,1.32540402707,0.0115969372382,159.733822167,4,0.003666,0.006435,0.010159,OPTIMAL,138.084992685,15.6779017481
10,4,16,ENERGY,MAX,1,138.084992685,0.794848469873,0.0105551038588,138.084992685,3,0.003066,0.002905,0.006027,OPTIMAL,138.084992685,0
10,4,17,COST,SEQ,1,1.33503095714,1.33503095714,0.00674525918528,170.527637492,3,0.001736,0.020883,0.022709,OPTIMAL,1.29353819374,3.20769526604
10,4,17,COST,MIN,1,1.40194739596,1.40194739596,0.00659951938453,182.680641369,4,0.003393,0.008769,0.012221,OPTIMAL,1.29353819374,8.38082731104
10,4,17,COST,MAX,1,1.44510241881,1.44510241881,0.00699305914936,188.771042679,4,0.00352,0.010735,0.014311,OPTIMAL,1.29353819374,11.7170274372
10,4,17,RELIABILITY,SEQ,1,0.0051638357591,1.57877663735,0.0051638357591,185.412059691,4,0.001599,0.002123,0.003781,OPTIMAL,0.00402881088788,28.1727016435
10,4,17,RELIABILITY,MIN,1,0.00576716802649,1.62200342198,0.00576716802649,188.457260346,4,0.004167,0.002421,0.006645,OPTIMAL,0.00402881088788,43.1481443779
10,4,17,RELIABILITY,MAX,1,0.00437763155898,1.5718903388,0.00437763155898,188.556518995,4,0.004562,0.001633,0.006251,OPTIMAL,0.00402881088788,8.65815449784
10,4,17,ENERGY,SEQ,1,175.97868178,1.60294140989,0.00640877848267,175.97868178,4,0.001522,0.003633,0.005211,OPTIMAL,170.527637492,3.19657526969
10,4,17,ENERGY,MIN,1,179.536182065,1.49241822312,0.00654725662611,179.536182065,4,0.003331,0.003225,0.006613,OPTIMAL,170.527637492,5.282747539
10,4,17,ENERGY,MAX,1,170.527637492,1.38998628644,0.00582656281359,170.527637492,3,0.003681,0.014577,0.018325,OPTIMAL,170.527637492,0
10,4,18,COST,SEQ,1,1.29193298967,1.29193298967,0.00979061211763,208.149189894,3,0.001809,0.009276,0.011176,OPTIMAL,0.990695847105,30.406622118
10,4,18,COST,MIN,1,1.02039426546,1.02039426546,0.00625177143129,180.670925765,3,0.003078,0.002826,0.00596,OPTIMAL,0.990695847105,2.99773320318
10,4,18,COST,MAX,1,1.34955285841,1.34955285841,0.00927180693025,212.420971494,3,0.003263,0.006989,0.010309,OPTIMAL,0.990695847105,36.2227228826
10,4,18,RELIABILITY,SEQ,1,0.00744697765512,1.6018739784,0.00744697765512,218.516167936,4,0.001639,0.00215,0.003851,OPTIMAL,0.00584640139463,27.3771188882
10,4,18,RELIABILITY,MIN,1,0.00810997494733,1.583221902,0.00810997494733,220.074898524,4,0.004386,0.002299,0.00674,OPTIMAL,0.00584640139463,38.7173818542
10,4,18,RELIABILITY,MAX,1,0.00649730218044,1.17308228142,0.00649730218044,180.670925765,3,0.00437,0.001751,0.006175,OPTIMAL,0.00584640139463,11.133357802
10,4,18,ENERGY,SEQ,1,217.029339595,1.54618090441,0.00758133537053,217.029339595,4,0.001349,0.00342,0.004825,OPTIMAL,180.670925765,20.124108888
10,4,18,ENERGY,MIN,1,180.670925765,1.25659967539,0.00729388952535,180.670925765,3,0.003562,0.009978,0.013596,OPTIMAL,180.670925765,0
10,4,18,ENERGY,MAX,1,180.670925765,1.17308228142,0.00649730218044,180.670925765,3,0.003559,0.00279,0.006409,OPTIMAL,180.670925765,0
10,4,19,COST,SEQ,1,1.13180923421,1.13180923421,0.00750612188253,250.516549745,4,0.001937,0.020566,0.022593,OPTIMAL,1.10613277337,2.32128198875
10,4,19,COST,MIN,1,1.10613277337,1.10613277337,0.00757212914186,255.452263414,4,0.003495,0.007308,0.010873,OPTIMAL,1.10613277337,0
10,4,19,COST,MAX,1,1.10613277337,1.10613277337,0.00757212914186,255.452263414,4,0.003846,0.018049,0.021952,OPTIMAL,1.10613277337,0
10,4,19,RELIABILITY,SEQ,1,0.00614643005972,1.40873192981,0.00614643005972,254.768244348,4,0.001871,0.002115,0.004053,OPTIMAL,0.00402633351735,52.6557607122
10,4,19,RELIABILITY,MIN,1,0.00733933553,1.39728700247,0.00733933553,252.490835213,4,0.004301,0.001804,0.006161,OPTIMAL,0.00402633351735,82.2833478244
10,4,19,RELIABILITY,MAX,1,0.00476435864883,1.37118792092,0.00476435864883,257.874495428,4,0.004845,0.002017,0.006918,OPTIMAL,0.00402633351735,18.3299552383
10,4,19,ENERGY,SEQ,1,247.828870468,1.27809428511,0.0107791795446,247.828870468,4,0.001573,0.003761,0.00539,OPTIMAL,245.776813271,0.834927091094
10,4,19,ENERGY,MIN,1,249.263959748,1.2287366014,0.0101890959278,249.263959748,4,0.003809,0.00576,0.009624,OPTIMAL,245.776813271,1.41882646747
10,4,19,ENERGY,MAX,1,245.776813271,1.3023064227,0.00820521372229,245.776813271,4,0.003827,0.006372,0.010259,OPTIMAL,245.776813271,0
10,4,20,COST,SEQ,1,1.05785669301,1.05785669301,0.0116295832788,232.486814379,3,0.001767,0.014588,0.016443,OPTIMAL,1.02534916743,3.17038591409
10,4,20,COST,MIN,1,1.04205785726,1.04205785726,0.0106685695062,232.486814379,3,0.003545,0.005219,0.008831,OPTIMAL,1.02534916743,1.62956096894
10,4,20,COST,MAX,1,1.15208259701,1.15208259701,0.0128230271055,223.219156678,3,0.003821,0.011577,0.015455,OPTIMAL,1.02534916743,12.3600265743
10,4,20,RELIABILITY,SEQ,1,0.00846193590243,1.50048188726,0.00846193590243,263.028800747,4,0.001707,0.00253,0.004302,OPTIMAL,0.00580390316419,45.7973309175
10,4,20,RELIABILITY,MIN,1,0.00846015391986,1.54834054179,0.00846015391986,261.412060041,4,0.0043,0.002699,0.007054,OPTIMAL,0.00580390316419,45.7666277422
10,4,20,RELIABILITY,MAX,1,0.00620231574172,1.23889854994,0.00620231574172,252.317586624,3,0.004435,0.00186,0.006348,OPTIMAL,0.00580390316419,6.86456279944
10,4,20,ENERGY,SEQ,1,223.219156678,1.23803026079,0.0125352177956,223.219156678,3,0.00138,0.010471,0.011907,OPTIMAL,223.219156678,0
10,4,20,ENERGY,MIN,1,223.219156678,1.32256656578,0.0114227539179,223.219156678,3,0.003571,0.026762,0.030404,OPTIMAL,223.219156678,0
10,4,20,ENERGY,MAX,1,224.548141381,1.31647966179,0.0107716057579,224.548141381,3,0.004008,0.003274,0.007373,OPTIMAL,223.219156678,0.595372154793
10,4,21,COST,SEQ,1,0.893235098377,0.893235098377,0.0148983427687,231.939786171,3,0.001836,0.017005,0.018929,OPTIMAL,0.764379760073,16.8575026492
10,4,21,COST,MIN,1,0.847466375432,0.847466375432,0.0151845849835,233.13886272,3,0.003341,0.017672,0.021071,OPTIMAL,0.764379760073,10.8698083987
10,4,21,COST,MAX,1,0.959174067046,0.959174067046,0.0126873925297,231.939786171,3,0.003471,0.007628,0.011157,OPTIMAL,0.764379760073,25.4839697683
10,4,21,RELIABILITY,SEQ,1,0.00728683284003,1.09583773695,0.00728683284003,227.313666764,3,0.001749,0.001818,0.003635,OPTIMAL,0.00527567593949,38.1213122946
10,4,21,RELIABILITY,MIN,1,0.0108408527061,1.30167947284,0.0108408527061,251.938974493,4,0.004618,0.002654,0.007327,OPTIMAL,0.00527567593949,105.487464174
10,4,21,RELIABILITY,MAX,1,0.00552272148401,1.05491616935,0.00552272148401,227.313666764,3,0.004641,0.001837,0.006537,OPTIMAL,0.00527567593949,4.68272781263
10,4,21,ENERGY,SEQ,1,231.939786171,1.06452602012,0.0107775983568,231.939786171,3,0.001538,0.005247,0.006841,OPTIMAL,227.313666764,2.03512594442
10,4,21,ENERGY,MIN,1,227.313666764,1.12428304387,0.00844733750397,227.313666764,3,0.003801,0.01119,0.015048,OPTIMAL,227.313666764,0
10,4,21,ENERGY,MAX,1,231.5356341,0.950280304858,0.0142228124248,231.5356341,3,0.003414,0.002889,0.006362,OPTIMAL,227.313666764,1.85733105987
10,4,22,COST,SEQ,1,1.0890287418,1.0890287418,0.00912795017845,256.216528347,4,0.001944,0.01752,0.019552,OPTIMAL,0.882389612529,23.4181280401
10,4,22,COST,MIN,1,1.0890287418,1.0890287418,0.00912795017845,256.216528347,4,0.003707,0.009939,0.013709,OPTIMAL,0.882389612529,23.4181280401
10,4,22,COST,MAX,1,0.943035789749,0.943035789749,0.00635638505424,195.903254029,3,0.003325,0.016138,0.01952,OPTIMAL,0.882389612529,6.87294777258
10,4,22,RELIABILITY,SEQ,1,0.00631074737849,0.985069959516,0.00631074737849,193.239803171,3,0.001793,0.001845,0.003702,OPTIMAL,0.00551421237061,14.4451275059
10,4,22,RELIABILITY,MIN,1,0.00775556925316,1.28998119569,0.00775556925316,237.570730967,4,0.004416,0.002536,0.007008,OPTIMAL,0.00551421237061,40.6469089673
10,4,22,RELIABILITY,MAX,1,0.00595606896378,1.01425725081,0.00595606896378,195.903254029,3,0.004242,0.001741,0.006037,OPTIMAL,0.00551421237061,8.01304997834
10,4,22,ENERGY,SEQ,1,193.239803171,0.944656771613,0.00645797450652,193.239803171,3,0.00128,0.002967,0.004305,OPTIMAL,193.239803171,0
10,4,22,ENERGY,MIN,1,193.239803171,0.993675876885,0.00671994468305,193.239803171,3,0.003608,0.002758,0.006423,OPTIMAL,193.239803171,0
10,4,22,ENERGY,MAX,1,193.239803171,1.08743349469,0.00635258935527,193.239803171,3,0.00341,0.008317,0.011781,OPTIMAL,193.239803171,0
10,4,23,COST,SEQ,1,1.36209047184,1.36209047184,0.00474369390724,209.805369402,4,0.001762,0.018167,0.02002,OPTIMAL,1.09047420691,24.9080870695
10,4,23,COST,MIN,1,1.3290201023,1.3290201023,0.00451917012464,211.044423933,4,0.003424,0.009375,0.012859,OPTIMAL,1.09047420691,21.8754275785
10,4,23,COST,MAX,1,1.12999144979,1.12999144979,0.00504354133853,188.938053817,3,0.003213,0.014874,0.018143,OPTIMAL,1.09047420691,3.62385855927
10,4,23,RELIABILITY,SEQ,1,0.00398589242335,1.63286776031,0.00398589242335,208.659768383,4,0.001748,0.00257,0.004388,OPTIMAL,0.00371743795695,7.22149150875
10,4,23,RELIABILITY,MIN,1,0.0042225465169,1.55412613982,0.0042225465169,205.200195678,4,0.004464,0.002375,0.006895,OPTIMAL,0.00371743795695,13.5875451267
10,4,23,RELIABILITY,MAX,1,0.00407890689152,1.53130675041,0.00407890689152,197.72508057,4,0.004665,0.001797,0.006519,OPTIMAL,0.00371743795695,9.72360369598
10,4,23,ENERGY,SEQ,1,192.507505876,1.65162886782,0.00474154992819,192.507505876,4,0.001456,0.003542,0.005054,OPTIMAL,188.200710961,2.28840523159
10,4,23,ENERGY,MIN,1,188.710358872,1.27985409075,0.00498899965147,188.710358872,3,0.003383,0.005969,0.009408,OPTIMAL,188.200710961,0.270800205252
10,4,23,ENERGY,MAX,1,188.710358872,1.23457721721,0.00510005519589,188.710358872,3,0.003511,0.00475,0.008318,OPTIMAL,188.200710961,0.270800205252
10,4,24,COST,SEQ,1,1.28258167114,1.28258167114,0.0081858863993,202.242996972,4,0.001854,0.015661,0.017603,OPTIMAL,0.986965296264,29.9520536331
10,4,24,COST,MIN,1,1.22207905686,1.22207905686,0.00837528181084,190.4219098,4,0.003188,0.009238,0.012485,OPTIMAL,0.986965296264,23.8218873028
10,4,24,COST,MAX,1,1.05121251171,1.05121251171,0.00942123965371,187.615041614,3,0.003401,0.023811,0.027271,OPTIMAL,0.986965296264,6.50957188587
10,4,24,RELIABILITY,SEQ,1,0.00565503405706,1.45129186999,0.00565503405706,211.336083052,4,0.001767,0.002602,0.004432,OPTIMAL,0.00467843783176,20.8744085187
10,4,24,RELIABILITY,MIN,1,0.00614746459502,1.4977310875,0.00614746459502,204.592017353,4,0.004093,0.002212,0.006363,OPTIMAL,0.00467843783176,31.3999419482
10,4,24,RELIABILITY,MAX,1,0.0054561580721,1.42974124031,0.0054561580721,206.14540211,4,0.004254,0.001552,0.005863,OPTIMAL,0.00467843783176,16.6235027227
10,4,24,ENERGY,SEQ,1,187.896047196,1.38661443296,0.00791837223574,187.896047196,4,0.001562,0.004371,0.005996,OPTIMAL,159.763272343,17.6090376977
10,4,24,ENERGY,MIN,1,159.763272343,1.18795430023,0.00886702334695,159.763272343,3,0.003449,0.012402,0.01591,OPTIMAL,159.763272343,0
10,4,24,ENERGY,MAX,1,159.763272343,1.26011510493,0.00832483505352,159.763272343,3,0.003784,0.002785,0.006625,OPTIMAL,159.763272343,0
10,4,25,COST,SEQ,1,0.961296586894,0.961296586894,0.0115933039674,199.119380176,3,0.00187,0.0106,0.012558,OPTIMAL,0.93114426897,3.23820045173
10,4,25,COST,MIN,1,0.968907858239,0.968907858239,0.0112713165669,199.119380176,3,0.003356,0.002929,0.006346,OPTIMAL,0.93114426897,4.05561098608
10,4,25,COST,MAX,1,0.991515066737,0.991515066737,0.0106282516665,198.166339269,3,0.002953,0.016647,0.019653,OPTIMAL,0.93114426897,6.4835063458
10,4,25,RELIABILITY,SEQ,1,0.0118227574434,1.41531950213,0.0118227574434,229.750134544,4,0.001805,0.00218,0.00405,OPTIMAL,0.00527563244297,124.101234709
10,4,25,RELIABILITY,MIN,1,0.00979989601737,1.49093792479,0.00979989601737,232.534618989,4,0.004287,0.001509,0.005851,OPTIMAL,0.00527563244297,85.7577479726
10,4,25,RELIABILITY,MAX,1,0.00635469657202,1.43744144189,0.00635469657202,233.512123004,4,0.004153,0.001644,0.005853,OPTIMAL,0.00527563244297,20.453739731
10,4,25,ENERGY,SEQ,1,220.71398343,1.45920109672,0.0112617675073,220.71398343,4,0.00163,0.003655,0.005339,OPTIMAL,196.383821944,12.3890864558
10,4,25,ENERGY,MIN,1,219.103956809,1.4798673191,0.0126868497257,219.103956809,4,0.003357,0.003017,0.006428,OPTIMAL,196.383821944,11.5692497682
10,4,25,ENERGY,MAX,1,198.166339269,1.03531379516,0.0086523726076,198.166339269,3,0.003526,0.004025,0.00761,OPTIMAL,196.383821944,0.907670146692
10,4,26,COST,SEQ,1,0.990392809647,0.990392809647,0.00840842236623,264.347730542,4,0.001749,0.014657,0.016495,OPTIMAL,0.648421744389,52.7389878913
10,4,26,COST,MIN,1,0.681583242059,0.681583242059,0.00467465973076,237.610760044,3,0.003388,0.002963,0.006413,OPTIMAL,0.648421744389,5.11418655485
10,4,26,COST,MAX,1,0.729819470253,0.729819470253,0.00448633011882,237.610760044,3,0.003262,0.00291,0.006229,OPTIMAL,0.648421744389,12.5532073174
10,4,26,RELIABILITY,SEQ,1,0.0059515285318,1.23591428304,0.0059515285318,271.344856721,4,0.001716,0.00293,0.004709,OPTIMAL,0.00430069720961,38.3852022527
10,4,26,RELIABILITY,MIN,1,0.00679255680849,1.0357041193,0.00679255680849,271.676754312,4,0.004676,0.002193,0.006926,OPTIMAL,0.00430069720961,57.9408286013
10,4,26,RELIABILITY,MAX,1,0.00464451665066,0.759326027351,0.00464451665066,237.610760044,3,0.004379,0.001821,0.006256,OPTIMAL,0.00430069720961,7.99450471147
10,4,26,ENERGY,SEQ,1,257.959162191,0.953675206972,0.00717072019658,257.959162191,4,0.001677,0.004335,0.006068,OPTIMAL,217.569919674,18.5637989744
10,4,26,ENERGY,MIN,1,261.056662631,0.97489264837,0.00705185049855,261.056662631,4,0.003402,0.003779,0.007236,OPTIMAL,217.569919674,19.9874794374
10,4,26,ENERGY,MAX,1,217.569919674,0.990630031285,0.0101435193181,217.569919674,3,0.003348,0.002875,0.00628,OPTIMAL,217.569919674,0
10,4,27,COST,SEQ,1,1.0189460306,1.0189460306,0.0124699035778,177.577077979,3,0.001817,0.014972,0.016877,OPTIMAL,0.818595274849,24.4749465222
10,4,27,COST,MIN,1,0.818643483564,0.818643483564,0.00836689732543,152.607172692,3,0.00311,0.005449,0.008629,OPTIMAL,0.818595274849,0.00588920015613
10,4,27,COST,MAX,1,1.01615524663,1.01615524663,0.00856888743477,149.78023908,3,0.003085,0.003154,0.006295,OPTIMAL,0.818595274849,24.1340229837
10,4,27,RELIABILITY,SEQ,1,0.0079306386367,1.01471037806,0.0079306386367,148.500293608,3,0.001675,0.002342,0.004093,OPTIMAL,0.00676217108854,17.279473306
10,4,27,RELIABILITY,MIN,1,0.00858749952014,1.35152670544,0.00858749952014,177.85991857,4,0.004259,0.002872,0.007186,OPTIMAL,0.00676217108854,26.9932305423
10,4,27,RELIABILITY,MAX,1,0.00787093089165,1.10179462365,0.00787093089165,148.500293608,3,0.004222,0.002091,0.006372,OPTIMAL,0.00676217108854,16.3965062195
10,4,27,ENERGY,SEQ,1,151.060184551,1.06261102985,0.00789486924713,151.060184551,3,0.001289,0.006003,0.007363,OPTIMAL,148.500293608,1.72382887658
10,4,27,ENERGY,MIN,1,168.685674869,1.28965432757,0.0129767487733,168.685674869,3,0.003772,0.006699,0.010529,OPTIMAL,148.500293608,13.5928224585
10,4,27,ENERGY,MAX,1,148.500293608,1.09239714504,0.00865212092372,148.500293608,3,0.003461,0.004518,0.008034,OPTIMAL,148.500293608,0
10,4,28,COST,SEQ,1,0.988844537829,0.988844537829,0.0110935528377,214.366767114,3,0.001843,0.003633,0.005567,OPTIMAL,0.949699661785,4.12181636147
10,4,28,COST,MIN,1,0.971258700804,0.971258700804,0.011822551519,215.887199586,3,0.004562,0.002972,0.007826,OPTIMAL,0.949699661785,2.2700902071
10,4,28,COST,MAX,1,1.12127022264,1.12127022264,0.0160052835416,255.320577372,3,0.003373,0.038257,0.041686,OPTIMAL,0.949699661785,18.0657704497
10,4,28,RELIABILITY,SEQ,1,0.0115584985888,1.37967929731,0.0115584985888,258.270643865,4,0.001697,0.002263,0.004036,OPTIMAL,0.0100556418153,14.9454087673
10,4,28,RELIABILITY,MIN,1,0.0121932476869,1.09964715029,0.0121932476869,214.366767114,3,0.004248,0.002044,0.006349,OPTIMAL,0.0100556418153,21.2577765881
10,4,28,RELIABILITY,MAX,1,0.0109357966326,1.29866683465,0.0109357966326,255.536745119,4,0.00413,0.001885,0.006073,OPTIMAL,0.0100556418153,8.75284575055
10,4,28,ENERGY,SEQ,1,214.366767114,1.05444211458,0.0110108441701,214.366767114,3,0.001362,0.003099,0.004519,OPTIMAL,213.15330084,0.569292743062
10,4,28,ENERGY,MIN,1,213.15330084,1.08897415864,0.0118365960514,213.15330084,3,0.00355,0.009673,0.013281,OPTIMAL,213.15330084,0
10,4,28,ENERGY,MAX,1,215.887199586,1.20161723864,0.0110802445527,215.887199586,3,0.00343,0.002723,0.006211,OPTIMAL,213.15330084,1.28259742408
10,4,29,COST,SEQ,1,1.21895630489,1.21895630489,0.0104950716161,161.407499472,3,0.002124,0.003992,0.006216,OPTIMAL,1.1110449024,9.71260497643
10,4,29,COST,MIN,1,1.13721151163,1.13721151163,0.0100441328424,161.407499472,3,0.003215,0.002872,0.006153,OPTIMAL,1.1110449024,2.35513516738
10,4,29,COST,MAX,1,1.27385543552,1.27385543552,0.00853922185618,148.240232123,3,0.003589,0.003285,0.006931,OPTIMAL,1.1110449024,14.6538211703
10,4,29,RELIABILITY,SEQ,1,0.00788338958428,1.39096647773,0.00788338958428,189.612898252,3,0.001724,0.001849,0.003635,OPTIMAL,0.0069720574611,13.0712078646
10,4,29,RELIABILITY,MIN,1,0.00782216347783,1.39165982409,0.00782216347783,189.612898252,3,0.004476,0.001682,0.006214,OPTIMAL,0.0069720574611,12.1930437532
10,4,29,RELIABILITY,MAX,1,0.0072670724198,1.72719882586,0.0072670724198,212.511195526,4,0.004587,0.002002,0.006647,OPTIMAL,0.0069720574611,4.2313902366
10,4,29,ENERGY,SEQ,1,148.240232123,1.27168079887,0.00780232463663,148.240232123,3,0.001638,0.00336,0.005054,OPTIMAL,148.240232123,0
10,4,29,ENERGY,MIN,1,148.240232123,1.24464416529,0.00808394727314,148.240232123,3,0.003524,0.013364,0.016945,OPTIMAL,148.240232123,0
10,4,29,ENERGY,MAX,1,148.240232123,1.31268203168,0.00840545626048,148.240232123,3,0.003542,0.002813,0.006411,OPTIMAL,148.240232123,0
10,4,30,COST,SEQ,1,0.969372975222,0.969372975222,0.00940060788963,263.229848029,4,0.002133,0.023617,0.025852,OPTIMAL,0.90523473966,7.08526007139
10,4,30,COST,MIN,1,0.969372975222,0.969372975222,0.00940060788963,263.229848029,4,0.003397,0.00601,0.00947,OPTIMAL,0.90523473966,7.08526007139
10,4,30,COST,MAX,1,1.05705709028,1.05705709028,0.00975194095087,250.73944972,4,0.003612,0.00728,0.01095,OPTIMAL,0.90523473966,16.7716001129
10,4,30,RELIABILITY,SEQ,1,0.00836445233826,1.16692248972,0.00836445233826,240.689703601,4,0.001647,0.002464,0.004169,OPTIMAL,0.00778037774671,7.50702100283
10,4,30,RELIABILITY,MIN,1,0.00917613702062,1.1769053536,0.00917613702062,241.148703469,4,0.004317,0.001868,0.00624,OPTIMAL,0.00778037774671,17.9394795388
10,4,30,RELIABILITY,MAX,1,0.00815223432189,0.984392732721,0.00815223432189,208.315296584,3,0.004033,0.001762,0.005854,OPTIMAL,0.00778037774671,4.77941543822
10,4,30,ENERGY,SEQ,1,240.204494071,1.10112035531,0.00858695386355,240.204494071,4,0.001316,0.005695,0.007067,OPTIMAL,208.315296584,15.308140117
10,4,30,ENERGY,MIN,1,240.663493939,1.19028590569,0.0088931368992,240.663493939,4,0.003727,0.005121,0.008906,OPTIMAL,208.315296584,15.52847913
10,4,30,ENERGY,MAX,1,240.35312575,1.19813638018,0.00924043814273,240.35312575,4,0.003311,0.006392,0.009756,OPTIMAL,208.315296584,15.3794895002
12,5,1,COST,SEQ,1,1.44311510981,1.44311510981,0.0156849085172,231.036362727,5,0.003288,0.038169,0.041554,OPTIMAL,1.18615727683,21.663049074
12,5,1,COST,MIN,1,1.44311510981,1.44311510981,0.0156849085172,231.036362727,5,0.004837,0.019945,0.024842,OPTIMAL,1.18615727683,21.663049074
12,5,1,COST,MAX,1,1.44730080089,1.44730080089,0.0142393659801,219.778234163,5,0.004879,0.037949,0.042883,OPTIMAL,1.18615727683,22.0159273279
12,5,1,RELIABILITY,SEQ,1,0.0131227494947,1.77962703902,0.0131227494947,209.23628495,5,0.0027,0.002947,0.005714,OPTIMAL,0.00973019374944,34.8662712446
12,5,1,RELIABILITY,MIN,1,0.0140211343721,1.77037719734,0.0140211343721,208.799282492,5,0.007244,0.002813,0.010114,OPTIMAL,0.00973019374944,44.0992310452
12,5,1,RELIABILITY,MAX,1,0.010830430424,1.78803264963,0.010830430424,207.843088685,5,0.006388,0.002068,0.008513,OPTIMAL,0.00973019374944,11.307448782
12,5,1,ENERGY,SEQ,1,208.193816595,1.71229236267,0.0129598262012,208.193816595,5,0.001806,0.010171,0.012034,OPTIMAL,192.774757566,7.99848446135
12,5,1,ENERGY,MIN,1,195.353114148,1.49532987723,0.016229826881,195.353114148,4,0.004832,0.012666,0.017555,OPTIMAL,192.774757566,1.33749699097
12,5,1,ENERGY,MAX,1,213.062367625,1.62180385776,0.0140803830724,213.062367625,5,0.003979,0.008721,0.012749,OPTIMAL,192.774757566,10.5239971844
12,5,2,COST,SEQ,1,1.11729837902,1.11729837902,0.0119773339825,206.500872556,4,0.003969,0.017706,0.021768,OPTIMAL,0.952634190022,17.285143733
12,5,2,COST,MIN,1,0.984482243942,0.984482243942,0.0113066130904,215.41145568,4,0.004557,0.003975,0.008591,OPTIMAL,0.952634190022,3.34315671785
12,5,2,COST,MAX,1,1.23543677145,1.23543677145,0.0121594566511,206.500872556,4,0.005138,0.00396,0.009153,OPTIMAL,0.952634190022,29.6863774558
12,5,2,RELIABILITY,SEQ,1,0.0104914319694,1.37914455459,0.0104914319694,252.856996529,5,0.002373,0.00384,0.006273,OPTIMAL,0.00954084929391,9.96329201066
12,5,2,RELIABILITY,MIN,1,0.0106686055376,1.22188377046,0.0106686055376,243.691479866,4,0.006932,0.002488,0.009481,OPTIMAL,0.00954084929391,11.8202919777
12,5,2,RELIABILITY,MAX,1,0.00984626310078,1.43406220094,0.00984626310078,246.386143274,4,0.006745,0.003255,0.010057,OPTIMAL,0.00954084929391,3.20111760974
12,5,2,ENERGY,SEQ,1,206.889761799,1.17901650512,0.0123046608251,206.889761799,4,0.001771,0.003946,0.005773,OPTIMAL,204.161420563,1.33636473968
12,5,2,ENERGY,MIN,1,239.851418317,1.32854901819,0.0117867311605,239.851418317,5,0.004932,0.006166,0.011157,OPTIMAL,204.161420563,17.4812644109
12,5,2,ENERGY,MAX,1,205.010565971,1.27638588533,0.0124444649708,205.010565971,4,0.004484,0.003629,0.008169,OPTIMAL,204.161420563,0.415918642158
12,5,3,COST,SEQ,1,1.50582303221,1.50582303221,0.0147378410821,277.409771611,4,0.003108,0.025848,0.02905,OPTIMAL,1.28693196981,17.0087516303
12,5,3,COST,MIN,1,1.34263150415,1.34263150415,0.015253793672,279.67570107,4,0.004662,0.006338,0.01106,OPTIMAL,1.28693196981,4.32808692635
12,5,3,COST,MAX,1,1.52553793734,1.52553793734,0.0137453512671,279.67570107,4,0.004954,0.006449,0.011464,OPTIMAL,1.28693196981,18.5406822681
12,5,3,RELIABILITY,SEQ,1,0.0127160571375,1.49786282802,0.0127160571375,277.690953497,4,0.002374,0.003293,0.005725,OPTIMAL,0.0115112007692,10.4668174281
12,5,3,RELIABILITY,MIN,1,0.015434541035,1.53305467062,0.015434541035,277.690953497,4,0.006369,0.002816,0.009241,OPTIMAL,0.0115112007692,34.0828063422
12,5,3,RELIABILITY,MAX,1,0.0127026961352,1.61272848907,0.0127026961352,279.67570107,4,0.006407,0.002519,0.008981,OPTIMAL,0.0115112007692,10.350747849
12,5,3,ENERGY,SEQ,1,292.992279617,1.9097831976,0.0164067819404,292.992279617,5,0.002056,0.006684,0.0088,OPTIMAL,272.736107682,7.42702244539
12,5,3,ENERGY,MIN,1,275.706205924,1.46741846064,0.0137415004651,275.706205924,4,0.004432,0.008669,0.013157,OPTIMAL,272.736107682,1.08900074397
12,5,3,ENERGY,MAX,1,276.592428839,1.81382514485,0.0181063536829,276.592428839,4,0.004783,0.004247,0.009089,OPTIMAL,272.736107682,1.41393861989
12,5,4,COST,SEQ,1,1.3665896744,1.3665896744,0.0124212322851,197.542659181,4,0.002662,0.023101,0.025852,OPTIMAL,1.26923650568,7.67021499023
12,5,4,COST,MIN,1,1.37289263518,1.37289263518,0.0125040817482,198.229979071,4,0.004633,0.006945,0.011638,OPTIMAL,1.26923650568,8.16680965632
12,5,4,COST,MAX,1,1.36124166343,1.36124166343,0.0118833463969,223.918141212,4,0.005533,0.025176,0.030766,OPTIMAL,1.26923650568,7.24885845469
12,5,4,RELIABILITY,SEQ,1,0.00550184029398,1.62137519099,0.00550184029398,203.782120209,4,0.00248,0.003212,0.005764,OPTIMAL,0.00473027479485,16.3112193813
12,5,4,RELIABILITY,MIN,1,0.00937164341671,1.75101784186,0.00937164341671,224.57729967,5,0.006612,0.00426,0.010931,OPTIMAL,0.00473027479485,98.1204860849
12,5,4,RELIABILITY,MAX,1,0.00512595287227,1.50300331447,0.00512595287227,203.782120209,4,0.007314,0.002895,0.010267,OPTIMAL,0.00473027479485,8.36480108624
12,5,4,ENERGY,SEQ,1,197.527395468,1.64576813612,0.0109446809496,197.527395468,4,0.002138,0.007357,0.009549,OPTIMAL,194.398670125,1.60943762683
12,5,4,ENERGY,MIN,1,194.780895645,1.50902200486,0.0133024888214,194.780895645,4,0.004943,0.006834,0.011835,OPTIMAL,194.398670125,0.196619411319
12,5,4,ENERGY,MAX,1,196.186062851,1.52524860842,0.0102446604469,196.186062851,4,0.004991,0.003884,0.008931,OPTIMAL,194.398670125,0.919446993028
12,5,5,COST,SEQ,1,1.38086266855,1.38086266855,0.010929917994,262.259219141,4,0.002531,0.022353,0.024971,OPTIMAL,1.25979732662,9.60990624194
12,5,5,COST,MIN,1,1.31790951314,1.31790951314,0.00506372853786,265.358545272,4,0.004946,0.004215,0.009224,OPTIMAL,1.25979732662,4.61282027611
12,5,5,COST,MAX,1,1.55433063565,1.55433063565,0.0107383148867,261.176667847,4,0.005291,0.004004,0.009352,OPTIMAL,1.25979732662,23.3794200703
12,5,5,RELIABILITY,SEQ,1,0.00494262942241,1.62114894574,0.00494262942241,268.223869136,4,0.00247,0.002656,0.005191,OPTIMAL,0.00367930967305,34.335782025
12,5,5,RELIABILITY,MIN,1,0.00765827036538,1.80154974214,0.00765827036538,287.711430928,5,0.006732,0.002942,0.00973,OPTIMAL,0.00367930967305,108.144218506
12,5,5,RELIABILITY,MAX,1,0.00451027934746,1.44654674952,0.00451027934746,268.223869136,4,0.006564,0.002239,0.008861,OPTIMAL,0.00367930967305,22.5849343559
12,5,5,ENERGY,SEQ,1,254.459357575,1.52534563617,0.0109850519547,254.459357575,4,0.002048,0.020529,0.022633,OPTIMAL,247.534197233,2.79765802831
12,5,5,ENERGY,MIN,1,276.422448112,1.87313080681,0.00929508322433,276.422448112,5,0.005423,0.009692,0.015175,OPTIMAL,247.534197233,11.6704080494
12,5,5,ENERGY,MAX,1,247.534197233,1.50796356477,0.0105440522657,247.534197233,4,0.004935,0.003898,0.008889,OPTIMAL,247.534197233,0
12,5,6,COST,SEQ,1,1.15662799948,1.15662799948,0.0133776497745,273.835009214,4,0.002589,0.03082,0.033504,OPTIMAL,1.12890284699,2.45593786549
12,5,6,COST,MIN,1,1.17760566449,1.17760566449,0.0191376071355,305.744685836,4,0.005002,0.004007,0.009077,OPTIMAL,1.12890284699,4.31417261726
12,5,6,COST,MAX,1,1.31556411377,1.31556411377,0.0157568317263,286.33102483,4,0.004694,0.036982,0.041737,OPTIMAL,1.12890284699,16.5347502909
12,5,6,RELIABILITY,SEQ,1,0.0124090513729,1.45162607132,0.0124090513729,276.6537074,4,0.002249,0.003099,0.005407,OPTIMAL,0.0114461426994,8.41251676445
12,5,6,RELIABILITY,MIN,1,0.0129419621995,1.35202017243,0.0129419621995,278.432258374,4,0.006576,0.002617,0.009246,OPTIMAL,0.0114461426994,13.0683282515
12,5,6,RELIABILITY,MAX,1,0.0116784972193,1.41726936592,0.0116784972193,276.493889506,4,0.006732,0.003072,0.00986,OPTIMAL,0.0114461426994,2.02998098124
12,5,6,ENERGY,SEQ,1,261.579175453,1.54606833358,0.0156212664084,261.579175453,4,0.002161,0.007463,0.009679,OPTIMAL,254.512071939,2.77672625119
12,5,6,ENERGY,MIN,1,254.512071939,1.57178269101,0.0178430015441,254.512071939,4,0.00462,0.00907,0.013745,OPTIMAL,254.512071939,0
12,5,6,ENERGY,MAX,1,262.15776132,1.55453695817,0.0168449784018,262.15776132,4,0.005098,0.003601,0.008756,OPTIMAL,254.512071939,3.00405765565
12,5,7,COST,SEQ,1,1.36069560925,1.36069560925,0.0129709846117,204.418770878,4,0.020458,0.009591,0.030139,OPTIMAL,1.22061736723,11.4760158083
12,5,7,COST,MIN,1,1.42344974674,1.42344974674,0.0123715931269,174.733072093,4,0.006054,0.021539,0.027661,OPTIMAL,1.22061736723,16.617195934
12,5,7,COST,MAX,1,1.61484880415,1.61484880415,0.011031667282,173.149940736,4,0.005331,0.004673,0.010062,OPTIMAL,1.22061736723,32.2977083158
12,5,7,RELIABILITY,SEQ,1,0.00832426914588,1.86311856628,0.00832426914588,202.525959533,5,0.002333,0.003776,0.006172,OPTIMAL,0.00722128835183,15.2740167724
12,5,7,RELIABILITY,MIN,1,0.0107267677329,1.90999062744,0.0107267677329,204.276551408,5,0.006153,0.003387,0.009595,OPTIMAL,0.00722128835183,48.5436837625
12,5,7,RELIABILITY,MAX,1,0.00779466678097,1.48992105053,0.00779466678097,198.538030393,4,0.006931,0.002579,0.009566,OPTIMAL,0.00722128835183,7.94011263929
12,5,7,ENERGY,SEQ,1,171.971949853,1.49165713656,0.0110265314787,171.971949853,4,0.002116,0.004361,0.006538,OPTIMAL,157.813419294,8.97168987415
12,5,7,ENERGY,MIN,1,174.09548903,1.6124952794,0.0117683973582,174.09548903,4,0.004872,0.009028,0.013955,OPTIMAL,157.813419294,10.3172910194
12,5,7,ENERGY,MAX,1,157.813419294,1.67394075507,0.0109663930789,157.813419294,4,0.005175,0.004495,0.009723,OPTIMAL,157.813419294,0
12,5,8,COST,SEQ,1,1.40410388083,1.40410388083,0.00742682417016,191.044831613,4,0.002331,0.020202,0.02262,OPTIMAL,1.26211367832,11.2501912431
12,5,8,COST,MIN,1,1.35912897929,1.35912897929,0.00763569858829,199.302700428,4,0.004239,0.011344,0.015642,OPTIMAL,1.26211367832,7.68673239491
12,5,8,COST,MAX,1,1.56097623234,1.56097623234,0.0104417777113,224.814828692,4,0.004462,0.004576,0.009095,OPTIMAL,1.26211367832,23.6795273802
12,5,8,RELIABILITY,SEQ,1,0.00655343356223,1.39140860163,0.00655343356223,202.563049323,4,0.002657,0.003689,0.006405,OPTIMAL,0.0053664726524,22.1180836412
12,5,8,RELIABILITY,MIN,1,0.0073415124398,1.50170665184,0.0073415124398,203.431634835,4,0.006777,0.00348,0.010312,OPTIMAL,0.0053664726524,36.8033141196
12,5,8,RELIABILITY,MAX,1,0.00607549652965,1.52806852358,0.00607549652965,204.300220347,4,0.006543,0.003332,0.009929,OPTIMAL,0.0053664726524,13.2121026824
12,5,8,ENERGY,SEQ,1,191.913417125,1.38804671223,0.00660760140474,191.913417125,4,0.00205,0.008328,0.010435,OPTIMAL,183.65554831,4.49638951322
12,5,8,ENERGY,MIN,1,183.65554831,1.53322070057,0.00887327262002,183.65554831,4,0.004986,0.014212,0.019256,OPTIMAL,183.65554831,0
12,5,8,ENERGY,MAX,1,190.176246101,1.44255344459,0.00723005365069,190.176246101,4,0.005561,0.005128,0.010749,OPTIMAL,183.65554831,3.55050410963
12,5,9,COST,SEQ,1,1.31907036504,1.31907036504,0.0132825645896,212.476435324,4,0.002362,0.023275,0.025728,OPTIMAL,1.1191841029,17.8599983346
12,5,9,COST,MIN,1,1.1191841029,1.1191841029,0.0174542476417,204.970827405,4,0.004531,0.016038,0.020629,OPTIMAL,1.1191841029,0
12,5,9,COST,MAX,1,1.55250653429,1.55250653429,0.0191084172631,204.970827405,4,0.005009,0.003856,0.00892,OPTIMAL,1.1191841029,38.7177078614
12,5,9,RELIABILITY,SEQ,1,0.0142293359682,1.60220610029,0.0142293359682,247.599049739,5,0.002365,0.003627,0.006053,OPTIMAL,0.0109891077668,29.4858169572
12,5,9,RELIABILITY,MIN,1,0.0145555617086,1.69681921799,0.0145555617086,246.070995378,5,0.006875,0.003423,0.010354,OPTIMAL,0.0109891077668,32.4544450511
12,5,9,RELIABILITY,MAX,1,0.0120178792076,1.43796798757,0.0120178792076,216.311874348,4,0.006894,0.002489,0.009438,OPTIMAL,0.0109891077668,9.36173766395
12,5,9,ENERGY,SEQ,1,210.153402138,1.48657544668,0.015461380348,210.153402138,4,0.002005,0.013981,0.016041,OPTIMAL,204.970827405,2.52844504699
12,5,9,ENERGY,MIN,1,232.03200157,1.38513559595,0.0148657970143,232.03200157,4,0.004702,0.012864,0.017624,OPTIMAL,204.970827405,13.2024515429
12,5,9,ENERGY,MAX,1,210.575128789,1.67702296001,0.0166973272126,210.575128789,4,0.004477,0.009696,0.014232,OPTIMAL,204.970827405,2.73419464407
12,5,10,COST,SEQ,1,1.52102331805,1.52102331805,0.00695117394734,233.020689752,4,0.004162,0.019476,0.023729,OPTIMAL,1.39121769562,9.33036021952
12,5,10,COST,MIN,1,1.42961896023,1.42961896023,0.00646527989095,236.077092284,4,0.004805,0.007186,0.012066,OPTIMAL,1.39121769562,2.76026280673
12,5,10,COST,MAX,1,1.61924486243,1.61924486243,0.00720539419677,238.594438726,4,0.005155,0.006445,0.011659,OPTIMAL,1.39121769562,16.3904734347
12,5,10,RELIABILITY,SEQ,1,0.00690877227803,1.56093947072,0.00690877227803,234.034519307,4,0.002367,0.003057,0.005492,OPTIMAL,0.00614477061274,12.43336348
12,5,10,RELIABILITY,MIN,1,0.0082874451013,2.04622324882,0.0082874451013,234.739862287,5,0.006644,0.004146,0.010845,OPTIMAL,0.00614477061274,34.8698856897
12,5,10,RELIABILITY,MAX,1,0.00655633184424,1.65848897354,0.00655633184424,239.133494816,4,0.0068,0.002856,0.009712,OPTIMAL,0.00614477061274,6.69774768559
12,5,10,ENERGY,SEQ,1,183.350243182,1.81548318762,0.00851213457935,183.350243182,4,0.001764,0.004647,0.006468,OPTIMAL,179.166359711,2.33519477557
12,5,10,ENERGY,MIN,1,217.512718018,2.02538815675,0.00850462567366,217.512718018,5,0.004807,0.007081,0.011945,OPTIMAL,179.166359711,21.402655258
12,5,10,ENERGY,MAX,1,179.166359711,1.75684781453,0.00865277682934,179.166359711,4,0.004393,0.004132,0.008582,OPTIMAL,179.166359711,0
12,5,11,COST,SEQ,1,1.40860045526,1.40860045526,0.0165838061935,294.460699532,4,0.005355,0.022769,0.028218,OPTIMAL,1.18956976939,18.4125968482
12,5,11,COST,MIN,1,1.22034388564,1.22034388564,0.0162045065589,294.964714387,4,0.00493,0.00718,0.012176,OPTIMAL,1.18956976939,2.58699548717
12,5,11,COST,MAX,1,1.35075893347,1.35075893347,0.015814099626,294.964714387,4,0.005099,0.007101,0.012254,OPTIMAL,1.18956976939,13.5502068249
12,5,11,RELIABILITY,SEQ,1,0.00966643051297,1.54363929008,0.00966643051297,267.046299584,4,0.002351,0.002892,0.005316,OPTIMAL,0.00833484821446,15.9760833581
12,5,11,RELIABILITY,MIN,1,0.0135797818485,1.81119045007,0.0135797818485,292.757656947,5,0.006771,0.003804,0.010636,OPTIMAL,0.00833484821446,62.9277642388
12,5,11,RELIABILITY,MAX,1,0.00931851735124,1.67416850431,0.00931851735124,267.046299584,4,0.00638,0.002374,0.008811,OPTIMAL,0.00833484821446,11.8018842272
12,5,11,ENERGY,SEQ,1,267.046299584,1.559565746,0.00969898519408,267.046299584,4,0.00197,0.004532,0.006565,OPTIMAL,267.046299584,0
12,5,11,ENERGY,MIN,1,267.090687577,1.3599234083,0.0136076990387,267.090687577,4,0.005481,0.02251,0.028048,OPTIMAL,267.046299584,0.0166218341893
12,5,11,ENERGY,MAX,1,267.046299584,1.62447460801,0.0105888338421,267.046299584,4,0.00493,0.00387,0.008856,OPTIMAL,267.046299584,0
12,5,12,COST,SEQ,1,1.43617287541,1.43617287541,0.0117737055625,237.341105092,4,0.00243,0.006766,0.009288,OPTIMAL,1.36139757149,5.49253983463
12,5,12,COST,MIN,1,1.39378543514,1.39378543514,0.0116985212111,245.998716214,4,0.007041,0.009769,0.016871,OPTIMAL,1.36139757149,2.37901582391
12,5,12,COST,MAX,1,1.59528836798,1.59528836798,0.0117234623028,242.868560782,4,0.005117,0.004447,0.009621,OPTIMAL,1.36139757149,17.180197863
12,5,12,RELIABILITY,SEQ,1,0.0105386677229,1.89091585974,0.0105386677229,276.202289483,5,0.002357,0.003457,0.00588,OPTIMAL,0.00979671521892,7.57348241123
12,5,12,RELIABILITY,MIN,1,0.0106751064757,1.93446468969,0.0106751064757,276.97517335,5,0.006452,0.00418,0.010694,OPTIMAL,0.00979671521892,8.96618138998
12,5,12,RELIABILITY,MAX,1,0.0106047037031,1.6703372246,0.0106047037031,253.988691573,4,0.006316,0.002381,0.008755,OPTIMAL,0.00979671521892,8.24754487739
12,5,12,ENERGY,SEQ,1,215.292214492,1.62092922783,0.0125690793555,215.292214492,4,0.002111,0.00861,0.010781,OPTIMAL,215.292214492,0
12,5,12,ENERGY,MIN,1,217.532214659,1.56460796775,0.0121236512188,217.532214659,4,0.004516,0.013561,0.018135,OPTIMAL,215.292214492,1.04044643346
12,5,12,ENERGY,MAX,1,233.01229953,1.53333925043,0.0118420167628,233.01229953,4,0.004611,0.004352,0.009021,OPTIMAL,215.292214492,8.23071334939
12,5,13,COST,SEQ,1,1.43551723969,1.43551723969,0.0167577579973,217.409494561,4,0.002735,0.01374,0.01657,OPTIMAL,1.27624177931,12.4800381061
12,5,13,COST,MIN,1,1.34254878086,1.34254878086,0.017082602379,253.296575794,4,0.008266,0.01786,0.026186,OPTIMAL,1.27624177931,5.19548902301
12,5,13,COST,MAX,1,1.39083348367,1.39083348367,0.0163405049629,213.368775681,4,0.005157,0.032956,0.038174,OPTIMAL,1.27624177931,8.97883976359
12,5,13,RELIABILITY,SEQ,1,0.0142878111682,1.89886040174,0.0142878111682,258.092150694,5,0.003465,0.006031,0.009585,OPTIMAL,0.0106093336741,34.6720878721
12,5,13,RELIABILITY,MIN,1,0.0147877600846,1.89754997429,0.0147877600846,270.286846582,5,0.00649,0.003616,0.010164,OPTIMAL,0.0106093336741,39.3844376928
12,5,13,RELIABILITY,MAX,1,0.0111870248246,1.70250265704,0.0111870248246,260.087573923,4,0.006577,0.002685,0.009318,OPTIMAL,0.0106093336741,5.44512189259
12,5,13,ENERGY,SEQ,1,209.129034609,1.55576994439,0.0158903444202,209.129034609,4,0.002071,0.010795,0.012923,OPTIMAL,209.129034609,0
12,5,13,ENERGY,MIN,1,211.049882953,1.56190593234,0.0163453306821,211.049882953,4,0.004903,0.017312,0.022273,OPTIMAL,209.129034609,0.918499120515
12,5,13,ENERGY,MAX,1,209.129034609,1.53969394455,0.0159673613933,209.129034609,4,0.005124,0.004076,0.00926,OPTIMAL,209.129034609,0
12,5,14,COST,SEQ,1,1.76031554822,1.76031554822,0.0147131978158,231.408228496,5,0.002606,0.034387,0.037082,OPTIMAL,1.44387153684,21.9163549739
12,5,14,COST,MIN,1,1.76031554822,1.76031554822,0.0147131978158,231.408228496,5,0.004757,0.018249,0.023066,OPTIMAL,1.44387153684,21.9163549739
12,5,14,COST,MAX,1,1.69642278832,1.69642278832,0.0105674201036,227.491042195,4,0.004837,0.01283,0.017725,OPTIMAL,1.44387153684,17.4912549375
12,5,14,RELIABILITY,SEQ,1,0.0120717126596,2.09143981733,0.0120717126596,243.888082175,5,0.002258,0.00325,0.005577,OPTIMAL,0.00910503534749,32.582820372
12,5,14,RELIABILITY,MIN,1,0.0117388882567,2.05101666523,0.0117388882567,252.2310966,5,0.007133,0.003634,0.01082,OPTIMAL,0.00910503534749,28.9274320058
12,5,14,RELIABILITY,MAX,1,0.00978318163663,1.78128676733,0.00978318163663,223.589963647,4,0.007397,0.002332,0.009785,OPTIMAL,0.00910503534749,7.44803576549
12,5,14,ENERGY,SEQ,1,226.247564416,2.11642704668,0.0149632606786,226.247564416,5,0.002165,0.008484,0.010707,OPTIMAL,212.236140523,6.60180865459
12,5,14,ENERGY,MIN,1,236.503860906,2.1999439261,0.0148214844588,236.503860906,5,0.005167,0.007406,0.012633,OPTIMAL,212.236140523,11.4343015867
12,5,14,ENERGY,MAX,1,214.151190417,1.66470911716,0.0121159054898,214.151190417,4,0.004973,0.004001,0.009034,OPTIMAL,212.236140523,0.902320353553
12,5,15,COST,SEQ,1,1.3917890244,1.3917890244,0.0161255619037,265.703980584,4,0.002921,0.025496,0.028507,OPTIMAL,1.36151458779,2.22358518102
12,5,15,COST,MIN,1,1.41564584392,1.41564584392,0.0179800569619,262.755854555,4,0.004702,0.033595,0.038374,OPTIMAL,1.36151458779,3.97581168897
12,5,15,COST,MAX,1,1.50752865537,1.50752865537,0.0165210214075,262.755854555,4,0.005505,0.012226,0.017811,OPTIMAL,1.36151458779,10.7243850994
12,5,15,RELIABILITY,SEQ,1,0.012340514367,1.58821428724,0.012340514367,258.615612177,4,0.002306,0.00384,0.006221,OPTIMAL,0.0101995284785,20.9910280949
12,5,15,RELIABILITY,MIN,1,0.0150242460871,1.92003593864,0.0150242460871,262.253658474,5,0.006396,0.005283,0.011737,OPTIMAL,0.0101995284785,47.3033397451
12,5,15,RELIABILITY,MAX,1,0.0112697194332,1.59119789793,0.0112697194332,262.276626827,4,0.006939,0.003411,0.010406,OPTIMAL,0.0101995284785,10.4925532284
12,5,15,ENERGY,SEQ,1,213.157959736,1.57365719953,0.0185094832625,213.157959736,4,0.002114,0.005501,0.007681,OPTIMAL,213.060898528,0.0455556174923
12,5,15,ENERGY,MIN,1,244.376092375,2.0156959455,0.0176203743681,244.376092375,5,0.007429,0.007269,0.014762,OPTIMAL,213.060898528,14.6977667245
12,5,15,ENERGY,MAX,1,213.060898528,1.56770098142,0.0168735889303,213.060898528,4,0.006404,0.007742,0.014209,OPTIMAL,213.060898528,0
12,5,16,COST,SEQ,1,1.33038358216,1.33038358216,0.00391672059115,275.46704613,5,0.004087,0.040435,0.044616,OPTIMAL,1.08460944081,22.6601513971
12,5,16,COST,MIN,1,1.29219436675,1.29219436675,0.00397998814636,274.818809008,5,0.004874,0.019011,0.02395,OPTIMAL,1.08460944081,19.1391406099
12,5,16,COST,MAX,1,1.56488176811,1.56488176811,0.00454640076571,277.278116762,5,0.005166,0.021357,0.026593,OPTIMAL,1.08460944081,44.2806700023
12,5,16,RELIABILITY,SEQ,1,0.00302374398859,1.3685547259,0.00302374398859,226.500981615,4,0.002889,0.003554,0.00653,OPTIMAL,0.00291060407704,3.88716254639
12,5,16,RELIABILITY,MIN,1,0.0039277634117,1.56749757578,0.0039277634117,268.588937817,5,0.006947,0.003932,0.010957,OPTIMAL,0.00291060407704,34.9466745646
12,5,16,RELIABILITY,MAX,1,0.00304020906423,1.38381934163,0.00304020906423,226.832490894,4,0.007126,0.002945,0.010132,OPTIMAL,0.00291060407704,4.45285527544
12,5,16,ENERGY,SEQ,1,226.500981615,1.35689534805,0.00310807347802,226.500981615,4,0.002366,0.020162,0.022585,OPTIMAL,225.147029328,0.601363602858
12,5,16,ENERGY,MIN,1,225.147029328,1.37086247413,0.00340318368835,225.147029328,4,0.005757,0.017539,0.023369,OPTIMAL,225.147029328,0
12,5,16,ENERGY,MAX,1,226.558459657,1.29583217153,0.0031395516145,226.558459657,4,0.004759,0.004057,0.008874,OPTIMAL,225.147029328,0.626892716919
12,5,17,COST,SEQ,1,1.6641543838,1.6641543838,0.00908290659905,247.451966665,5,0.002395,0.022725,0.02521,OPTIMAL,1.2721761131,30.8116357999
12,5,17,COST,MIN,1,1.6344633743,1.6344633743,0.00734720421788,251.364217932,5,0.004438,0.012859,0.017364,OPTIMAL,1.2721761131,28.4777600733
12,5,17,COST,MAX,1,1.57495494116,1.57495494116,0.00592906151989,228.265084443,4,0.004867,0.034736,0.03966,OPTIMAL,1.2721761131,23.8000717785
12,5,17,RELIABILITY,SEQ,1,0.00688587919227,1.78084715054,0.00688587919227,235.304200536,5,0.002378,0.003787,0.006237,OPTIMAL,0.00453809613668,51.7349783891
12,5,17,RELIABILITY,MIN,1,0.00752642340195,1.84250930693,0.00752642340195,241.319544614,5,0.006865,0.003149,0.010075,OPTIMAL,0.00453809613668,65.8498007813
12,5,17,RELIABILITY,MAX,1,0.0051806698676,1.82231302979,0.0051806698676,232.388965058,5,0.006133,0.002225,0.008416,OPTIMAL,0.00453809613668,14.1595442574
12,5,17,ENERGY,SEQ,1,226.665966496,1.69985430598,0.00641976776503,226.665966496,4,0.002001,0.009998,0.012059,OPTIMAL,218.287252484,3.83838905673
12,5,17,ENERGY,MIN,1,239.113750941,1.81180017413,0.00604941011728,239.113750941,5,0.004886,0.016982,0.021928,OPTIMAL,218.287252484,9.54086792511
12,5,17,ENERGY,MAX,1,224.657031832,1.67391472459,0.00593850030718,224.657031832,4,0.00645,0.01382,0.020336,OPTIMAL,218.287252484,2.91807207039
12,5,18,COST,SEQ,1,1.52693798371,1.52693798371,0.0102196121849,289.258980341,4,0.00243,0.039093,0.04161,OPTIMAL,1.4637271858,4.31848219608
12,5,18,COST,MIN,1,1.52693798371,1.52693798371,0.0102196121849,289.258980341,4,0.004993,0.028026,0.033086,OPTIMAL,1.4637271858,4.31848219608
12,5,18,COST,MAX,1,1.72131774793,1.72131774793,0.00960784197221,240.911819126,4,0.005549,0.008719,0.014326,OPTIMAL,1.4637271858,17.5982631626
12,5,18,RELIABILITY,SEQ,1,0.00916058916094,2.12451585502,0.00916058916094,293.413331951,5,0.002151,0.004037,0.006249,OPTIMAL,0.00575243426664,59.2471766964
12,5,18,RELIABILITY,MIN,1,0.00740238899966,1.75818686385,0.00740238899966,289.144172636,4,0.00594,0.002838,0.008835,OPTIMAL,0.00575243426664,28.682722071
12,5,18,RELIABILITY,MAX,1,0.00664816457084,1.77244680877,0.00664816457084,284.199915255,4,0.006459,0.0023,0.008816,OPTIMAL,0.00575243426664,15.5713262018
12,5,18,ENERGY,SEQ,1,275.546490041,2.10473407144,0.0110524865824,275.546490041,5,0.001896,0.010045,0.011999,OPTIMAL,235.31957133,17.0945911908
12,5,18,ENERGY,MIN,1,274.898499626,2.08261434215,0.0118527458939,274.898499626,5,0.004964,0.023484,0.028513,OPTIMAL,235.31957133,16.8192250529
12,5,18,ENERGY,MAX,1,235.31957133,1.66132927795,0.0102271523015,235.31957133,4,0.005192,0.004452,0.009705,OPTIMAL,235.31957133,0
12,5,19,COST,SEQ,1,1.17411718949,1.17411718949,0.0153510776293,210.606779958,4,0.004213,0.037531,0.041859,OPTIMAL,0.977172362213,20.1545638097
12,5,19,COST,MIN,1,1.0369840481,1.0369840481,0.0107629027804,202.363863125,4,0.005968,0.035398,0.041591,OPTIMAL,0.977172362213,6.1208941428
12,5,19,COST,MAX,1,1.19503353834,1.19503353834,0.0110474606336,192.230016093,4,0.006059,0.028145,0.034279,OPTIMAL,0.977172362213,22.2950611939
12,5,19,RELIABILITY,SEQ,1,0.00919776912634,1.25117627437,0.00919776912634,195.133614875,4,0.003528,0.005855,0.00945,OPTIMAL,0.00865045596374,6.32698628707
12,5,19,RELIABILITY,MIN,1,0.0133505380049,1.61406948889,0.0133505380049,231.264503614,5,0.008924,0.007121,0.016107,OPTIMAL,0.00865045596374,54.3333445185
12,5,19,RELIABILITY,MAX,1,0.00932294226237,1.21107604899,0.00932294226237,195.133614875,4,0.009603,0.00472,0.014381,OPTIMAL,0.00865045596374,7.77399828916
12,5,19,ENERGY,SEQ,1,189.819933343,1.22854811008,0.00933709656669,189.819933343,4,0.002541,0.028278,0.030894,OPTIMAL,187.163092577,1.41953241405
12,5,19,ENERGY,MIN,1,232.365691715,1.6170680662,0.0123167046499,232.365691715,5,0.005408,0.011767,0.017248,OPTIMAL,187.163092577,24.151449154
12,5,19,ENERGY,MAX,1,189.819933343,1.10034321418,0.011070440012,189.819933343,4,0.005937,0.011016,0.017017,OPTIMAL,187.163092577,1.41953241405
12,5,20,COST,SEQ,1,1.42845380262,1.42845380262,0.00587142851927,231.944773641,4,0.002442,0.026557,0.029092,OPTIMAL,1.14120252793,25.1709287051
12,5,20,COST,MIN,1,1.2144656257,1.2144656257,0.0115825026322,282.105180462,4,0.00534,0.004038,0.009462,OPTIMAL,1.14120252793,6.41981558687
12,5,20,COST,MAX,1,1.55219489206,1.55219489206,0.0117942021332,278.434956276,4,0.004839,0.003753,0.008649,OPTIMAL,1.14120252793,36.0139724604
12,5,20,RELIABILITY,SEQ,1,0.00578984986916,1.33357243265,0.00578984986916,231.944773641,4,0.00231,0.002885,0.005253,OPTIMAL,0.00504199382316,14.8325458583
12,5,20,RELIABILITY,MIN,1,0.00703307545982,1.42828663863,0.00703307545982,231.707964227,4,0.006451,0.002529,0.009038,OPTIMAL,0.00504199382316,39.4899658049
12,5,20,RELIABILITY,MAX,1,0.00517251477736,1.41351205724,0.00517251477736,230.560731282,4,0.006655,0.002439,0.00915,OPTIMAL,0.00504199382316,2.58867739183
12,5,20,ENERGY,SEQ,1,206.134984897,1.46210845526,0.00709803350613,206.134984897,4,0.001926,0.004375,0.006357,OPTIMAL,202.701570125,1.69382741836
12,5,20,ENERGY,MIN,1,209.568399669,1.55929775232,0.00728624284926,209.568399669,4,0.004949,0.015468,0.020473,OPTIMAL,202.701570125,3.38765483673
12,5,20,ENERGY,MAX,1,207.273933779,1.4769374665,0.00690365170947,207.273933779,4,0.005367,0.004069,0.009497,OPTIMAL,202.701570125,2.25571200643
12,5,21,COST,SEQ,1,1.44107543118,1.44107543118,0.0155322729998,270.10634179,4,0.00251,0.00558,0.008179,OPTIMAL,1.21791478633,18.3231739494
12,5,21,COST,MIN,1,1.21791478633,1.21791478633,0.0161359828312,276.754465466,4,0.005723,0.008427,0.014208,OPTIMAL,1.21791478633,0
12,5,21,COST,MAX,1,1.40253107846,1.40253107846,0.0148133120246,273.328800786,4,0.004963,0.017608,0.022631,OPTIMAL,1.21791478633,15.1583915565
12,5,21,RELIABILITY,SEQ,1,0.0109398369592,1.95123861403,0.0109398369592,302.6520065,5,0.002313,0.003937,0.006326,OPTIMAL,0.00836159143171,30.8343877909
12,5,21,RELIABILITY,MIN,1,0.0105565164077,1.81945435615,0.0105565164077,309.198527333,5,0.006528,0.004151,0.010739,OPTIMAL,0.00836159143171,26.2500864085
12,5,21,RELIABILITY,MAX,1,0.00979794459406,1.90056758134,0.00979794459406,302.6520065,5,0.006243,0.003241,0.009542,OPTIMAL,0.00836159143171,17.1779878757
12,5,21,ENERGY,SEQ,1,269.165939604,1.54368405766,0.0146345224746,269.165939604,4,0.001816,0.00832,0.010194,OPTIMAL,263.458218114,2.16646173751
12,5,21,ENERGY,MIN,1,263.458218114,1.57346608329,0.0135363611563,263.458218114,4,0.0047,0.01102,0.015778,OPTIMAL,263.458218114,0
12,5,21,ENERGY,MAX,1,270.004738948,1.44128026303,0.0158923489251,270.004738948,4,0.004504,0.007965,0.012525,OPTIMAL,263.458218114,2.48484214315
12,5,22,COST,SEQ,1,1.2018109107,1.2018109107,0.0143734253246,245.515945046,4,0.002743,0.026569,0.0294,OPTIMAL,1.1632617275,3.31388734712
12,5,22,COST,MIN,1,1.21017674697,1.21017674697,0.0103566842176,237.256283197,4,0.005391,0.030364,0.035813,OPTIMAL,1.1632617275,4.0330579409
12,5,22,COST,MAX,1,1.37658572115,1.37658572115,0.0107036482479,237.15743736,4,0.005251,0.016806,0.022118,OPTIMAL,1.1632617275,18.3384348175
12,5,22,RELIABILITY,SEQ,1,0.0108288015722,1.51778934973,0.0108288015722,248.974435249,4,0.002512,0.003113,0.00569,OPTIMAL,0.00814077717129,33.0192602544
12,5,22,RELIABILITY,MIN,1,0.0108738298531,1.52388664612,0.0108738298531,250.169613692,4,0.007085,0.003253,0.010394,OPTIMAL,0.00814077717129,33.5723804294
12,5,22,RELIABILITY,MAX,1,0.00904102620388,1.5984609106,0.00904102620388,248.974435249,4,0.00648,0.002732,0.009267,OPTIMAL,0.00814077717129,11.0585146068
12,5,22,ENERGY,SEQ,1,221.898932311,1.55223962088,0.0121511711497,221.898932311,4,0.002182,0.020018,0.022258,OPTIMAL,221.898932311,0
12,5,22,ENERGY,MIN,1,222.442440912,1.57119799249,0.011484167628,222.442440912,4,0.0056,0.02366,0.029315,OPTIMAL,221.898932311,0.244935203049
12,5,22,ENERGY,MAX,1,231.781071943,1.56030686816,0.012878767351,231.781071943,4,0.005371,0.004318,0.009749,OPTIMAL,221.898932311,4.4534417216
12,5,23,COST,SEQ,1,1.35185703087,1.35185703087,0.0171783255324,202.684926311,4,0.002579,0.015056,0.017724,OPTIMAL,1.31968283652,2.43802476278
12,5,23,COST,MIN,1,1.37194046994,1.37194046994,0.016859069785,202.684926311,4,0.006888,0.00717,0.014115,OPTIMAL,1.31968283652,3.95986307973
12,5,23,COST,MAX,1,1.6173551722,1.6173551722,0.0162621187011,195.034938689,4,0.004392,0.009694,0.014142,OPTIMAL,1.31968283652,22.5563542568
12,5,23,RELIABILITY,SEQ,1,0.013341943787,1.68109297756,0.013341943787,218.64279072,4,0.002706,0.002979,0.005751,OPTIMAL,0.0124801627946,6.90520633862
12,5,23,RELIABILITY,MIN,1,0.0145770567729,2.00412126816,0.0145770567729,217.737890579,5,0.007005,0.003723,0.010783,OPTIMAL,0.0124801627946,16.8018159116
12,5,23,RELIABILITY,MAX,1,0.0133796808923,1.5649477299,0.0133796808923,218.64279072,4,0.00699,0.002373,0.009419,OPTIMAL,0.0124801627946,7.20758304557
12,5,23,ENERGY,SEQ,1,166.907780823,1.71801265351,0.0167543593724,166.907780823,4,0.002281,0.005201,0.007538,OPTIMAL,165.158980689,1.05885863779
12,5,23,ENERGY,MIN,1,200.159611529,2.01516129601,0.0160429108803,200.159611529,5,0.005086,0.010912,0.016053,OPTIMAL,165.158980689,21.1920845561
12,5,23,ENERGY,MAX,1,165.158980689,1.67506771014,0.0163487031158,165.158980689,4,0.004851,0.004064,0.008971,OPTIMAL,165.158980689,0
12,5,24,COST,SEQ,1,1.36571528289,1.36571528289,0.00535005628292,227.100555003,4,0.002452,0.017816,0.020364,OPTIMAL,1.25880497412,8.493000184
12,5,24,COST,MIN,1,1.26195273677,1.26195273677,0.00598201686704,226.082126165,4,0.004388,0.018289,0.022737,OPTIMAL,1.25880497412,0.250059597198
12,5,24,COST,MAX,1,1.55114151121,1.55114151121,0.00681295402869,234.532143863,4,0.004897,0.013314,0.018267,OPTIMAL,1.25880497412,23.223338253
12,5,24,RELIABILITY,SEQ,1,0.00347816459089,1.90671739832,0.00347816459089,243.025181622,5,0.002308,0.004671,0.007048,OPTIMAL,0.00341026877176,1.99092281819
12,5,24,RELIABILITY,MIN,1,0.00449877399863,1.99590348662,0.00449877399863,249.123736046,5,0.006461,0.004798,0.011316,OPTIMAL,0.00341026877176,31.9184586239
12,5,24,RELIABILITY,MAX,1,0.00365374477806,1.55121041468,0.00365374477806,250.215772414,4,0.006828,0.003045,0.009928,OPTIMAL,0.00341026877176,7.1394961101
12,5,24,ENERGY,SEQ,1,223.773682951,1.96807155557,0.00635060226281,223.773682951,5,0.002205,0.009904,0.012166,OPTIMAL,200.399452214,11.6638196759
12,5,24,ENERGY,MIN,1,200.399452214,1.73974684274,0.00557657157558,200.399452214,4,0.004934,0.032696,0.037699,OPTIMAL,200.399452214,0
12,5,24,ENERGY,MAX,1,225.499704104,1.57710752489,0.00610891091063,225.499704104,4,0.005557,0.004486,0.010126,OPTIMAL,200.399452214,12.5251100303
12,5,25,COST,SEQ,1,1.33893906511,1.33893906511,0.00846437190307,215.331688457,4,0.002378,0.015256,0.017722,OPTIMAL,1.2508459168,7.04268584436
12,5,25,COST,MIN,1,1.25961621822,1.25961621822,0.009426215687,215.331688457,4,0.004547,0.01599,0.020599,OPTIMAL,1.2508459168,0.701149622589
12,5,25,COST,MAX,1,1.5642849788,1.5642849788,0.0121893119159,226.156821859,4,0.005261,0.014082,0.019398,OPTIMAL,1.2508459168,25.0581672603
12,5,25,RELIABILITY,SEQ,1,0.0045636458939,1.69075630692,0.0045636458939,197.741191619,4,0.002532,0.003448,0.006044,OPTIMAL,0.00447570830039,1.96477490501
12,5,25,RELIABILITY,MIN,1,0.00946311242139,1.84446573509,0.00946311242139,231.962303148,5,0.007462,0.004041,0.01156,OPTIMAL,0.00447570830039,111.432733911
12,5,25,RELIABILITY,MAX,1,0.00488184119189,1.54193519189,0.00488184119189,197.741191619,4,0.006628,0.002496,0.009182,OPTIMAL,0.00447570830039,9.07415908806
12,5,25,ENERGY,SEQ,1,199.756048414,1.5217939584,0.00474074151274,199.756048414,4,0.002086,0.005104,0.007248,OPTIMAL,197.741191619,1.01893630675
12,5,25,ENERGY,MIN,1,197.741191619,1.60004709701,0.00489779397865,197.741191619,4,0.004856,0.009986,0.014897,OPTIMAL,197.741191619,0
12,5,25,ENERGY,MAX,1,209.437078837,1.67766818239,0.012257867337,209.437078837,4,0.004983,0.004355,0.009393,OPTIMAL,197.741191619,5.91474498682
12,5,26,COST,SEQ,1,1.50329851933,1.50329851933,0.0107485243182,332.40562765,4,0.004555,0.037286,0.041972,OPTIMAL,1.18276168178,27.1007120446
12,5,26,COST,MIN,1,1.44023522834,1.44023522834,0.0114469324993,332.40562765,4,0.005621,0.012383,0.018072,OPTIMAL,1.18276168178,21.7688440982
12,5,26,COST,MAX,1,1.44023522834,1.44023522834,0.0114469324993,332.40562765,4,0.005911,0.043243,0.049226,OPTIMAL,1.18276168178,21.7688440982
12,5,26,RELIABILITY,SEQ,1,0.00858575201884,1.79455138651,0.00858575201884,339.199468779,5,0.003486,0.004719,0.008293,OPTIMAL,0.00580015568955,48.0262337494
12,5,26,RELIABILITY,MIN,1,0.00896381978163,1.74556516224,0.00896381978163,336.234997712,5,0.009022,0.004995,0.014093,OPTIMAL,0.00580015568955,54.5444684835
12,5,26,RELIABILITY,MAX,1,0.00643269116272,1.67190171296,0.00643269116272,329.693883484,5,0.009462,0.003595,0.013142,OPTIMAL,0.00580015568955,10.9054912838
12,5,26,ENERGY,SEQ,1,289.428931989,1.48521184134,0.0113311189036,289.428931989,4,0.00289,0.009719,0.012688,OPTIMAL,287.793653432,0.568212167834
12,5,26,ENERGY,MIN,1,287.793653432,1.42470451761,0.0105687718503,287.793653432,4,0.005667,0.019526,0.025267,OPTIMAL,287.793653432,0
12,5,26,ENERGY,MAX,1,289.158349083,1.47707165741,0.0114264913387,289.158349083,4,0.006349,0.00651,0.012949,OPTIMAL,287.793653432,0.474192406434
12,5,27,COST,SEQ,1,1.41345152307,1.41345152307,0.0113163814109,241.825705264,4,0.004081,0.017555,0.021735,OPTIMAL,1.26042093003,12.141229124
12,5,27,COST,MIN,1,1.36308503473,1.36308503473,0.0109200032236,251.290107659,4,0.004828,0.00395,0.008845,OPTIMAL,1.26042093003,8.1452237303
12,5,27,COST,MAX,1,1.45573202946,1.45573202946,0.0118258781057,219.683761752,4,0.005256,0.00841,0.013722,OPTIMAL,1.26042093003,15.4957042346
12,5,27,RELIABILITY,SEQ,1,0.0108549834962,1.71830534088,0.0108549834962,234.554736465,5,0.00229,0.003699,0.006055,OPTIMAL,0.0105749760775,2.64783028023
12,5,27,RELIABILITY,MIN,1,0.0114438290073,1.81354132338,0.0114438290073,254.351451504,5,0.006709,0.003791,0.010554,OPTIMAL,0.0105749760775,8.21612194143
12,5,27,RELIABILITY,MAX,1,0.0108249735216,1.74834372967,0.0108249735216,248.624695765,5,0.006684,0.003445,0.010184,OPTIMAL,0.0105749760775,2.36404737255
12,5,27,ENERGY,SEQ,1,208.830590407,1.57089147974,0.0123062108763,208.830590407,4,0.002185,0.011903,0.014146,OPTIMAL,203.577201146,2.58053909352
12,5,27,ENERGY,MIN,1,220.100383423,1.58152648762,0.011057322509,220.100383423,4,0.004951,0.010708,0.015716,OPTIMAL,203.577201146,8.11642078986
12,5,27,ENERGY,MAX,1,206.355326867,1.5083808167,0.0118787051651,206.355326867,4,0.005134,0.012145,0.017336,OPTIMAL,203.577201146,1.36465463995
12,5,28,COST,SEQ,1,1.2971491133,1.2971491133,0.00963417062295,216.292292792,4,0.002342,0.023014,0.025445,OPTIMAL,1.04505069488,24.1230803116
12,5,28,COST,MIN,1,1.25013730766,1.25013730766,0.01068478276,216.304592132,4,0.004097,0.017979,0.022138,OPTIMAL,1.04505069488,19.6245611606
12,5,28,COST,MAX,1,1.34466202343,1.34466202343,0.00979082376207,235.868019419,4,0.004674,0.006889,0.011626,OPTIMAL,1.04505069488,28.6695497185
12,5,28,RELIABILITY,SEQ,1,0.00817249414542,1.45299955225,0.00817249414542,230.583263062,4,0.002289,0.00297,0.005336,OPTIMAL,0.00663883427305,23.101342936
12,5,28,RELIABILITY,MIN,1,0.0115488010268,1.65569141891,0.0115488010268,238.317464064,5,0.006493,0.003427,0.009979,OPTIMAL,0.00663883427305,73.9582666441
12,5,28,RELIABILITY,MAX,1,0.00684427975932,1.14343029227,0.00684427975932,230.583263062,4,0.006773,0.00249,0.009321,OPTIMAL,0.00663883427305,3.09460182049
12,5,28,ENERGY,SEQ,1,183.661696597,1.51489038826,0.0113444581764,183.661696597,4,0.001905,0.004591,0.006554,OPTIMAL,172.944959248,6.19661734917
12,5,28,ENERGY,MIN,1,183.661696597,1.53740594179,0.0117079115503,183.661696597,4,0.004324,0.003837,0.008222,OPTIMAL,172.944959248,6.19661734917
12,5,28,ENERGY,MAX,1,175.727828086,1.4459705602,0.0119149205233,175.727828086,4,0.005273,0.004378,0.009711,OPTIMAL,172.944959248,1.60910664877
12,5,29,COST,SEQ,1,1.25992538002,1.25992538002,0.00566006243956,223.219729656,4,0.005074,0.037783,0.042953,OPTIMAL,1.18902972472,5.96247964383
12,5,29,COST,MIN,1,1.30613839973,1.30613839973,0.0059716228577,224.769343386,4,0.004612,0.02123,0.025903,OPTIMAL,1.18902972472,9.84909565944
12,5,29,COST,MAX,1,1.33008752217,1.33008752217,0.00543134725265,222.828985101,4,0.004478,0.018738,0.023271,OPTIMAL,1.18902972472,11.8632692287
12,5,29,RELIABILITY,SEQ,1,0.00614405830473,1.50600061063,0.00614405830473,238.751122303,5,0.002465,0.003592,0.006121,OPTIMAL,0.00491008950904,25.1312892243
12,5,29,RELIABILITY,MIN,1,0.00751955081232,1.75746887031,0.00751955081232,244.820980651,5,0.006502,0.003004,0.009563,OPTIMAL,0.00491008950904,53.1448825623
12,5,29,RELIABILITY,MAX,1,0.00564593101903,1.59691389889,0.00564593101903,245.56141912,5,0.00686,0.002806,0.009724,OPTIMAL,0.00491008950904,14.9863155984
12,5,29,ENERGY,SEQ,1,200.243908684,1.46789517877,0.00658391096458,200.243908684,4,0.002129,0.004166,0.006352,OPTIMAL,200.243908684,0
12,5,29,ENERGY,MIN,1,201.793522414,1.50676786639,0.00809442001133,201.793522414,4,0.005278,0.01345,0.018786,OPTIMAL,200.243908684,0.77386310525
12,5,29,ENERGY,MAX,1,202.759205545,1.43947212074,0.0081312437294,202.759205545,4,0.005562,0.003892,0.009512,OPTIMAL,200.243908684,1.2561165417
12,5,30,COST,SEQ,1,1.25774551876,1.25774551876,0.0118097593307,286.409523048,4,0.003064,0.0296,0.03275,OPTIMAL,1.14567949874,9.78162043974
12,5,30,COST,MIN,1,1.18428609961,1.18428609961,0.0116543745748,316.261042622,4,0.005166,0.011385,0.016608,OPTIMAL,1.14567949874,3.3697557581
12,5,30,COST,MAX,1,1.26181850773,1.26181850773,0.0111967830367,314.109556703,4,0.005487,0.007747,0.01329,OPTIMAL,1.14567949874,10.1371290242
12,5,30,RELIABILITY,SEQ,1,0.0109330743826,1.42315380882,0.0109330743826,317.503314994,4,0.002401,0.003609,0.006069,OPTIMAL,0.00925258912633,18.1623244408
12,5,30,RELIABILITY,MIN,1,0.0105398515184,1.38967502547,0.0105398515184,316.427572035,4,0.006765,0.003022,0.009843,OPTIMAL,0.00925258912633,13.9124560114
12,5,30,RELIABILITY,MAX,1,0.00997934097415,1.41024428286,0.00997934097415,313.776497879,4,0.006969,0.003121,0.010146,OPTIMAL,0.00925258912633,7.85457819322
12,5,30,ENERGY,SEQ,1,283.78610895,1.49121538658,0.0106348766206,283.78610895,4,0.002026,0.005365,0.007448,OPTIMAL,283.78610895,0
12,5,30,ENERGY,MIN,1,284.965585267,1.49614744271,0.0123525033425,284.965585267,4,0.004887,0.004212,0.009157,OPTIMAL,283.78610895,0.415621582488
12,5,30,ENERGY,MAX,1,283.78610895,1.48925537634,0.0110637219117,283.78610895,4,0.004582,0.004132,0.008773,OPTIMAL,283.78610895,0
20,8,1,COST,SEQ,1,2.13952617406,2.13952617406,0.0206251056469,426.573216772,7,0.007921,0.130322,0.13835,NOT_RUN,,
20,8,1,COST,MIN,1,2.24764737826,2.24764737826,0.0208441774345,439.515273396,8,0.012669,0.102197,0.114933,NOT_RUN,,
20,8,1,COST,MAX,1,2.1971379789,2.1971379789,0.0164847496284,412.944441792,7,0.014903,0.071053,0.086015,NOT_RUN,,
20,8,1,RELIABILITY,SEQ,1,0.0151280990028,2.4424107623,0.0151280990028,413.309070272,7,0.005342,0.009768,0.015167,NOT_RUN,,
20,8,1,RELIABILITY,MIN,1,0.0181157912717,2.71551934005,0.0181157912717,431.971173709,8,0.01928,0.011732,0.031066,NOT_RUN,,
20,8,1,RELIABILITY,MAX,1,0.0151475096067,2.45758034515,0.0151475096067,414.385952116,7,0.01831,0.007882,0.026242,NOT_RUN,,
20,8,1,ENERGY,SEQ,1,393.328784873,2.71852189772,0.0194599873878,393.328784873,7,0.004457,0.05031,0.054818,NOT_RUN,,
20,8,1,ENERGY,MIN,1,392.518018865,2.55210088071,0.0195130856955,392.518018865,7,0.011954,0.067296,0.0793,NOT_RUN,,
20,8,1,ENERGY,MAX,1,392.518018865,2.6873652357,0.0191535152982,392.518018865,7,0.011729,0.026626,0.038404,NOT_RUN,,
20,8,2,COST,SEQ,1,1.69309337626,1.69309337626,0.0183158336565,388.575199506,7,0.005243,0.043164,0.048499,NOT_RUN,,
20,8,2,COST,MIN,1,1.48900062166,1.48900062166,0.0194135752973,389.722424933,7,0.013239,0.163186,0.17649,NOT_RUN,,
20,8,2,COST,MAX,1,1.60066820109,1.60066820109,0.0185836578766,389.11245426,7,0.014672,0.178599,0.193326,NOT_RUN,,
20,8,2,RELIABILITY,SEQ,1,0.0159526616625,2.20191080273,0.0159526616625,405.654567068,7,0.005441,0.009451,0.01495,NOT_RUN,,
20,8,2,RELIABILITY,MIN,1,0.019025957166,2.53270243775,0.019025957166,420.69550205,8,0.019215,0.020989,0.040266,NOT_RUN,,
20,8,2,RELIABILITY,MAX,1,0.0163159332194,2.15885358599,0.0163159332194,403.487023641,7,0.020576,0.008255,0.028905,NOT_RUN,,
20,8,2,ENERGY,SEQ,1,377.635572791,2.25436589627,0.0188140278527,377.635572791,7,0.004465,0.012143,0.016682,NOT_RUN,,
20,8,2,ENERGY,MIN,1,378.166447371,2.08479088309,0.0179907186145,378.166447371,7,0.011581,0.064078,0.075725,NOT_RUN,,
20,8,2,ENERGY,MAX,1,375.563846972,2.1817635658,0.0195005039217,375.563846972,7,0.012446,0.011107,0.023605,NOT_RUN,,
20,8,3,COST,SEQ,1,2.52725909318,2.52725909318,0.0197931671052,356.811217749,7,0.00707,0.187663,0.194829,NOT_RUN,,
20,8,3,COST,MIN,1,2.46570995574,2.46570995574,0.0197575635424,353.711336498,7,0.01268,0.066965,0.079704,NOT_RUN,,
20,8,3,COST,MAX,1,2.46929434196,2.46929434196,0.0183413309476,359.802134384,7,0.013268,0.161642,0.174963,NOT_RUN,,
20,8,3,RELIABILITY,SEQ,1,0.016380183649,3.03925786552,0.016380183649,353.260162948,7,0.005095,0.01017,0.015322,NOT_RUN,,
20,8,3,RELIABILITY,MIN,1,0.0180440855156,3.22860767487,0.0180440855156,354.506024139,7,0.01878,0.010791,0.029623,NOT_RUN,,
20,8,3,RELIABILITY,MAX,1,0.0150039175632,3.20027268809,0.0150039175632,349.843588002,7,0.018534,0.007734,0.02632,NOT_RUN,,
20,8,3,ENERGY,SEQ,1,346.201871091,2.80915482557,0.0177838845222,346.201871091,7,0.004274,0.051667,0.055992,NOT_RUN,,
20,8,3,ENERGY,MIN,1,325.282109915,2.64245137141,0.0183207313437,325.282109915,6,0.011551,0.071568,0.083174,NOT_RUN,,
20,8,3,ENERGY,MAX,1,324.828511169,2.54337177535,0.0198726639762,324.828511169,6,0.013269,0.011073,0.024395,NOT_RUN,,
20,8,4,COST,SEQ,1,2.04500870839,2.04500870839,0.0191788506667,361.056310436,6,0.007416,0.035604,0.043124,NOT_RUN,,
20,8,4,COST,MIN,1,1.89790657209,1.89790657209,0.0225087243879,361.069372763,6,0.012984,0.031128,0.044192,NOT_RUN,,
20,8,4,COST,MAX,1,2.26388250621,2.26388250621,0.0213043075556,361.887755511,6,0.015015,0.048333,0.063422,NOT_RUN,,
20,8,4,RELIABILITY,SEQ,1,0.0146754528998,3.03148936692,0.0146754528998,408.888142891,7,0.005325,0.009178,0.014568,NOT_RUN,,
20,8,4,RELIABILITY,MIN,1,0.0137730106373,2.94289405489,0.0137730106373,409.75144914,7,0.020941,0.011097,0.032101,NOT_RUN,,
20,8,4,RELIABILITY,MAX,1,0.0117451256277,2.99416672823,0.0117451256277,408.888142891,7,0.02138,0.008439,0.029878,NOT_RUN,,
20,8,4,ENERGY,SEQ,1,330.44924862,2.55882451921,0.0244945868203,330.44924862,6,0.004615,0.013061,0.017731,NOT_RUN,,
20,8,4,ENERGY,MIN,1,360.282713281,2.71087932202,0.0235604210342,360.282713281,7,0.013314,0.016022,0.02939,NOT_RUN,,
20,8,4,ENERGY,MAX,1,330.44924862,2.69884938133,0.0235467522122,330.44924862,6,0.012155,0.010516,0.022724,NOT_RUN,,
20,8,5,COST,SEQ,1,2.22100485678,2.22100485678,0.0171256421377,428.530134773,7,0.007264,0.12636,0.133721,NOT_RUN,,
20,8,5,COST,MIN,1,2.1680954535,2.1680954535,0.0198053188013,430.233052269,7,0.012463,0.062976,0.075495,NOT_RUN,,
20,8,5,COST,MAX,1,2.4478139901,2.4478139901,0.0192906027695,391.038970511,6,0.014476,0.010314,0.024843,NOT_RUN,,
20,8,5,RELIABILITY,SEQ,1,0.0120531258895,2.92952195347,0.0120531258895,425.023807598,7,0.005558,0.012169,0.017779,NOT_RUN,,
20,8,5,RELIABILITY,MIN,1,0.0140710507564,2.75737810184,0.0140710507564,428.505290582,7,0.019701,0.011325,0.031075,NOT_RUN,,
20,8,5,RELIABILITY,MAX,1,0.00924096295501,2.60816518925,0.00924096295501,383.26526794,6,0.018888,0.009083,0.028021,NOT_RUN,,
20,8,5,ENERGY,SEQ,1,379.266505816,2.15579079829,0.0138496873674,379.266505816,6,0.005211,0.032113,0.037375,NOT_RUN,,
20,8,5,ENERGY,MIN,1,389.321596276,2.34343201163,0.015554789185,389.321596276,6,0.011551,0.052611,0.064213,NOT_RUN,,
20,8,5,ENERGY,MAX,1,379.266505816,2.28149693277,0.0142257317058,379.266505816,6,0.011631,0.01037,0.022051,NOT_RUN,,
20,8,6,COST,SEQ,1,1.81249544669,1.81249544669,0.0246030550604,429.960953386,7,0.007101,0.142717,0.149915,NOT_RUN,,
20,8,6,COST,MIN,1,1.7833083564,1.7833083564,0.0312890356396,430.288038208,7,0.023614,0.08027,0.10398,NOT_RUN,,
20,8,6,COST,MAX,1,2.14130558124,2.14130558124,0.0251307327273,428.626982935,7,0.013252,0.080448,0.093772,NOT_RUN,,
20,8,6,RELIABILITY,SEQ,1,0.0211681465039,2.80429488898,0.0211681465039,449.596942715,8,0.005214,0.011959,0.017238,NOT_RUN,,
20,8,6,RELIABILITY,MIN,1,0.0224034139604,2.58890432778,0.0224034139604,447.545119166,8,0.018711,0.012484,0.031245,NOT_RUN,,
20,8,6,RELIABILITY,MAX,1,0.0175913236865,2.66485836463,0.0175913236865,448.043583772,8,0.019666,0.008959,0.028678,NOT_RUN,,
20,8,6,ENERGY,SEQ,1,407.682696248,2.44914296696,0.0226150614349,407.682696248,7,0.004483,0.022805,0.02734,NOT_RUN,,
20,8,6,ENERGY,MIN,1,408.435705868,2.41403326624,0.0223356051281,408.435705868,7,0.011983,0.041603,0.053636,NOT_RUN,,
20,8,6,ENERGY,MAX,1,407.008147191,2.4357408165,0.0269771483379,407.008147191,7,0.013046,0.019547,0.032643,NOT_RUN,,
20,8,7,COST,SEQ,1,2.17387804423,2.17387804423,0.0110294746736,373.126358285,7,0.007146,0.164397,0.171643,NOT_RUN,,
20,8,7,COST,MIN,1,2.08929892486,2.08929892486,0.0122741859838,370.184617845,7,0.013699,0.102325,0.116093,NOT_RUN,,
20,8,7,COST,MAX,1,2.15277748228,2.15277748228,0.0127271670257,358.170121783,6,0.014173,0.01026,0.024487,NOT_RUN,,
20,8,7,RELIABILITY,SEQ,1,0.00904036059359,2.56751560761,0.00904036059359,354.639330025,7,0.005374,0.010635,0.016067,NOT_RUN,,
20,8,7,RELIABILITY,MIN,1,0.0110681016713,2.88585093435,0.0110681016713,385.259168039,8,0.01988,0.013478,0.03341,NOT_RUN,,
20,8,7,RELIABILITY,MAX,1,0.00890277059032,2.50215214203,0.00890277059032,321.183712113,6,0.019014,0.008074,0.02714,NOT_RUN,,
20,8,7,ENERGY,SEQ,1,340.68788695,2.95686984863,0.0102943736417,340.68788695,7,0.00436,0.051052,0.055464,NOT_RUN,,
20,8,7,ENERGY,MIN,1,321.183712113,2.553523015,0.00946440084922,321.183712113,6,0.012416,0.087819,0.100289,NOT_RUN,,
20,8,7,ENERGY,MAX,1,342.397399743,2.84883569059,0.0108495392558,342.397399743,7,0.013024,0.045348,0.058423,NOT_RUN,,
20,8,8,COST,SEQ,1,1.66490329018,1.66490329018,0.0254510873778,451.519753105,6,0.006281,0.107194,0.113571,NOT_RUN,,
20,8,8,COST,MIN,1,1.54218813391,1.54218813391,0.0242876583835,444.302637363,6,0.012485,0.040904,0.053463,NOT_RUN,,
20,8,8,COST,MAX,1,1.96021672514,1.96021672514,0.0211441960318,446.676936273,6,0.012802,0.011893,0.024752,NOT_RUN,,
20,8,8,RELIABILITY,SEQ,1,0.0128941746533,2.65417369161,0.0128941746533,444.79753591,7,0.005528,0.01258,0.018172,NOT_RUN,,
20,8,8,RELIABILITY,MIN,1,0.0141234906238,2.52221834324,0.0141234906238,445.706529206,7,0.021018,0.013845,0.03492,NOT_RUN,,
20,8,8,RELIABILITY,MAX,1,0.0121832605689,2.51809134538,0.0121832605689,427.106063409,6,0.019085,0.009657,0.028797,NOT_RUN,,
20,8,8,ENERGY,SEQ,1,404.519765413,2.20536859921,0.0181495715492,404.519765413,6,0.00439,0.031823,0.036265,NOT_RUN,,
20,8,8,ENERGY,MIN,1,404.519765413,2.20254256213,0.0163737671821,404.519765413,6,0.012605,0.101709,0.114365,NOT_RUN,,
20,8,8,ENERGY,MAX,1,404.519765413,2.26489087233,0.0153270031747,404.519765413,6,0.01167,0.047172,0.058889,NOT_RUN,,
20,8,9,COST,SEQ,1,1.86571827466,1.86571827466,0.0205883999542,420.772050938,7,0.005615,0.190086,0.195798,NOT_RUN,,
20,8,9,COST,MIN,1,1.78971973655,1.78971973655,0.0200078421452,418.310143672,7,0.012792,0.08403,0.096909,NOT_RUN,,
20,8,9,COST,MAX,1,1.80742989195,1.80742989195,0.0210605870488,419.817000759,7,0.014761,0.156214,0.171054,NOT_RUN,,
20,8,9,RELIABILITY,SEQ,1,0.0159247278885,2.52481480278,0.0159247278885,398.875599566,7,0.005672,0.010544,0.016284,NOT_RUN,,
20,8,9,RELIABILITY,MIN,1,0.0204093359556,2.73484343291,0.0204093359556,420.510371716,8,0.019801,0.013253,0.033106,NOT_RUN,,
20,8,9,RELIABILITY,MAX,1,0.0149655303248,2.38497036285,0.0149655303248,401.169843998,7,0.023582,0.009176,0.03281,NOT_RUN,,
20,8,9,ENERGY,SEQ,1,364.84763332,2.45891073048,0.0215034517409,364.84763332,7,0.004392,0.02274,0.027186,NOT_RUN,,
20,8,9,ENERGY,MIN,1,369.80926318,2.42500356862,0.0204703551945,369.80926318,7,0.012062,0.032697,0.044812,NOT_RUN,,
20,8,9,ENERGY,MAX,1,350.215032116,2.24033226952,0.0192428341186,350.215032116,6,0.012898,0.04411,0.057059,NOT_RUN,,
20,8,10,COST,SEQ,1,2.02310458124,2.02310458124,0.0191347822087,425.938352246,6,0.005153,0.024519,0.029769,NOT_RUN,,
20,8,10,COST,MIN,1,1.7040893374,1.7040893374,0.0184371754977,425.938352246,6,0.01331,0.040023,0.053407,NOT_RUN,,
20,8,10,COST,MAX,1,2.12751877948,2.12751877948,0.0162967045912,428.324382567,6,0.014999,0.01257,0.027635,NOT_RUN,,
20,8,10,RELIABILITY,SEQ,1,0.0147286268675,2.42030464003,0.0147286268675,444.136089571,7,0.00629,0.013386,0.019732,NOT_RUN,,
20,8,10,RELIABILITY,MIN,1,0.0149979216071,2.47131431473,0.0149979216071,440.057661107,7,0.022203,0.013595,0.035861,NOT_RUN,,
20,8,10,RELIABILITY,MAX,1,0.0136736205986,2.41045176726,0.0136736205986,433.713779019,7,0.023312,0.011377,0.034751,NOT_RUN,,
20,8,10,ENERGY,SEQ,1,417.955777062,2.28126637433,0.0167775972593,417.955777062,6,0.005391,0.012638,0.018085,NOT_RUN,,
20,8,10,ENERGY,MIN,1,409.160894626,2.25193129374,0.0150996650791,409.160894626,6,0.01428,0.135571,0.149916,NOT_RUN,,
20,8,10,ENERGY,MAX,1,418.833157116,2.32232196985,0.017199459226,418.833157116,6,0.013026,0.010691,0.023797,NOT_RUN,,
20,8,11,COST,SEQ,1,1.88459975451,1.88459975451,0.0124497770208,382.890343582,6,0.006658,0.103181,0.109939,NOT_RUN,,
20,8,11,COST,MIN,1,1.69253267445,1.69253267445,0.0126287098628,382.744759776,6,0.013364,0.0223,0.035722,NOT_RUN,,
20,8,11,COST,MAX,1,1.987852136,1.987852136,0.0135609622355,399.944106443,7,0.013977,0.282318,0.296347,NOT_RUN,,
20,8,11,RELIABILITY,SEQ,1,0.00970740631214,2.65097198989,0.00970740631214,395.491224744,7,0.005973,0.011889,0.017924,NOT_RUN,,
20,8,11,RELIABILITY,MIN,1,0.0123100755044,2.49722845191,0.0123100755044,399.122915267,7,0.020273,0.011986,0.032312,NOT_RUN,,
20,8,11,RELIABILITY,MAX,1,0.00907835008269,2.4062379644,0.00907835008269,365.541707863,6,0.01957,0.008524,0.028147,NOT_RUN,,
20,8,11,ENERGY,SEQ,1,341.427628122,2.50925195231,0.0131007163766,341.427628122,6,0.00467,0.044355,0.049075,NOT_RUN,,
20,8,11,ENERGY,MIN,1,348.909527077,2.55152579602,0.0116167328394,348.909527077,6,0.012122,0.022449,0.034624,NOT_RUN,,
20,8,11,ENERGY,MAX,1,337.23852026,2.48623401526,0.0132671130194,337.23852026,6,0.012204,0.010646,0.022901,NOT_RUN,,
20,8,12,COST,SEQ,1,1.9661502899,1.9661502899,0.0255202030877,386.767543345,7,0.005254,0.11236,0.117708,NOT_RUN,,
20,8,12,COST,MIN,1,1.84244519197,1.84244519197,0.0240120809428,384.40941645,7,0.013417,0.091157,0.104631,NOT_RUN,,
20,8,12,COST,MAX,1,1.90909925936,1.90909925936,0.0283336933651,355.129572613,7,0.013605,0.376612,0.390393,NOT_RUN,,
20,8,12,RELIABILITY,SEQ,1,0.0247258693819,2.84970155621,0.0247258693819,404.120252567,8,0.009555,0.019422,0.029093,NOT_RUN,,
20,8,12,RELIABILITY,MIN,1,0.026996932783,2.50601372666,0.026996932783,390.181566101,7,0.034864,0.015514,0.050465,NOT_RUN,,
20,8,12,RELIABILITY,MAX,1,0.0234570853428,2.67712494805,0.0234570853428,403.161235589,8,0.034208,0.01676,0.051054,NOT_RUN,,
20,8,12,ENERGY,SEQ,1,354.078209859,2.43553991935,0.0294556530774,354.078209859,7,0.009879,0.061637,0.071606,NOT_RUN,,
20,8,12,ENERGY,MIN,1,354.281994125,2.65984258264,0.0273524936637,354.281994125,7,0.020079,0.140159,0.160319,NOT_RUN,,
20,8,12,ENERGY,MAX,1,352.957468586,2.41564351154,0.0297938521127,352.957468586,7,0.024114,0.053582,0.077785,NOT_RUN,,
20,8,13,COST,SEQ,1,1.87196644006,1.87196644006,0.0330134710257,498.282929849,7,0.007557,0.23416,0.241844,NOT_RUN,,
20,8,13,COST,MIN,1,1.81877377687,1.81877377687,0.0331552355737,493.618932679,7,0.018146,0.130651,0.148888,NOT_RUN,,
20,8,13,COST,MAX,1,1.79819805167,1.79819805167,0.0329432627267,501.997337186,7,0.018278,0.261035,0.279399,NOT_RUN,,
20,8,13,RELIABILITY,SEQ,1,0.0241406108234,2.41165295161,0.0241406108234,449.556613637,7,0.008932,0.020779,0.029802,NOT_RUN,,
20,8,13,RELIABILITY,MIN,1,0.0263393963031,2.49389345798,0.0263393963031,448.577549927,7,0.032099,0.018622,0.050818,NOT_RUN,,
20,8,13,RELIABILITY,MAX,1,0.0226359942164,2.5622555224,0.0226359942164,443.174998478,7,0.031565,0.015137,0.046791,NOT_RUN,,
20,8,13,ENERGY,SEQ,1,441.870611285,2.49879227649,0.0267563090851,441.870611285,7,0.007146,0.09187,0.099119,NOT_RUN,,
20,8,13,ENERGY,MIN,1,448.151512263,2.57007149263,0.0262474369753,448.151512263,7,0.018453,0.079866,0.098431,NOT_RUN,,
20,8,13,ENERGY,MAX,1,441.201344884,2.63161679549,0.0373798642069,441.201344884,7,0.016623,0.051675,0.068384,NOT_RUN,,
20,8,14,COST,SEQ,1,2.10513543603,2.10513543603,0.024546030003,394.565786789,7,0.010001,0.149406,0.159518,NOT_RUN,,
20,8,14,COST,MIN,1,1.7675440515,1.7675440515,0.0232487383671,342.938377871,6,0.011888,0.011744,0.023698,NOT_RUN,,
20,8,14,COST,MAX,1,2.24426650258,2.24426650258,0.0253234680509,342.938377871,6,0.014271,0.010954,0.025286,NOT_RUN,,
20,8,14,RELIABILITY,SEQ,1,0.0174615521515,2.78721432815,0.0174615521515,399.497103979,7,0.00559,0.012662,0.018315,NOT_RUN,,
20,8,14,RELIABILITY,MIN,1,0.0176266069602,2.56152296297,0.0176266069602,400.918524416,7,0.021617,0.012737,0.034408,NOT_RUN,,
20,8,14,RELIABILITY,MAX,1,0.0167443629329,2.65916308545,0.0167443629329,402.366506664,7,0.018618,0.009974,0.028642,NOT_RUN,,
20,8,14,ENERGY,SEQ,1,359.631297859,2.72217140469,0.021192931613,359.631297859,7,0.004087,0.03344,0.037577,NOT_RUN,,
20,8,14,ENERGY,MIN,1,387.273618627,2.87469524665,0.0228903984619,387.273618627,7,0.012095,0.047975,0.060124,NOT_RUN,,
20,8,14,ENERGY,MAX,1,346.034847367,2.31290279338,0.0221674334891,346.034847367,6,0.012276,0.010692,0.023021,NOT_RUN,,
20,8,15,COST,SEQ,1,2.6329933987,2.6329933987,0.0207796177395,341.845172097,6,0.005386,0.013968,0.019448,NOT_RUN,,
20,8,15,COST,MIN,1,2.15617008394,2.15617008394,0.016547212503,340.371744983,6,0.013932,0.031108,0.045121,NOT_RUN,,
20,8,15,COST,MAX,1,2.81327193136,2.81327193136,0.0189965799122,341.845172097,6,0.014196,0.011227,0.025483,NOT_RUN,,
20,8,15,RELIABILITY,SEQ,1,0.0101881480849,3.08044851318,0.0101881480849,391.253147583,7,0.005235,0.0103,0.015615,NOT_RUN,,
20,8,15,RELIABILITY,MIN,1,0.0107316874528,3.0790578572,0.0107316874528,390.596832709,7,0.020577,0.012034,0.032666,NOT_RUN,,
20,8,15,RELIABILITY,MAX,1,0.00829320927718,3.20682772479,0.00829320927718,389.24296711,7,0.020067,0.009185,0.029309,NOT_RUN,,
20,8,15,ENERGY,SEQ,1,344.698959717,3.22837868795,0.0174759173467,344.698959717,7,0.004697,0.050363,0.055117,NOT_RUN,,
20,8,15,ENERGY,MIN,1,355.509885141,3.00003433421,0.0183728480429,355.509885141,7,0.013732,0.047064,0.06085,NOT_RUN,,
20,8,15,ENERGY,MAX,1,331.574717499,2.73556695107,0.014241534015,331.574717499,6,0.010623,0.011304,0.021978,NOT_RUN,,
20,8,16,COST,SEQ,1,1.91308171599,1.91308171599,0.0257574635236,360.033683257,7,0.007238,0.161707,0.169035,NOT_RUN,,
20,8,16,COST,MIN,1,1.92631259149,1.92631259149,0.0248420391718,360.104887014,7,0.012353,0.095288,0.107713,NOT_RUN,,
20,8,16,COST,MAX,1,2.27605631569,2.27605631569,0.0242142532996,315.262638283,6,0.013747,0.020794,0.034608,NOT_RUN,,
20,8,16,RELIABILITY,SEQ,1,0.0168824592315,2.5865619858,0.0168824592315,364.006107372,7,0.005722,0.011532,0.017325,NOT_RUN,,
20,8,16,RELIABILITY,MIN,1,0.0196319293023,2.62993063058,0.0196319293023,362.767989215,7,0.021258,0.010759,0.032074,NOT_RUN,,
20,8,16,RELIABILITY,MAX,1,0.0139745382871,2.65024676601,0.0139745382871,371.217796006,7,0.022474,0.008727,0.031256,NOT_RUN,,
20,8,16,ENERGY,SEQ,1,317.662477976,2.37147350324,0.0202477870648,317.662477976,7,0.004755,0.060118,0.064933,NOT_RUN,,
20,8,16,ENERGY,MIN,1,316.961239279,2.24999773863,0.0201968693572,316.961239279,6,0.01335,0.04571,0.059114,NOT_RUN,,
20,8,16,ENERGY,MAX,1,290.03938125,2.33839977881,0.0209430346921,290.03938125,6,0.013542,0.011904,0.025503,NOT_RUN,,
20,8,17,COST,SEQ,1,1.82705508568,1.82705508568,0.0283604843983,363.192819137,6,0.005362,0.02231,0.02777,NOT_RUN,,
20,8,17,COST,MIN,1,1.48413592816,1.48413592816,0.027325105482,360.253437757,6,0.013093,0.028191,0.041344,NOT_RUN,,
20,8,17,COST,MAX,1,1.90280900618,1.90280900618,0.0268801251402,336.124462464,6,0.014707,0.109775,0.124566,NOT_RUN,,
20,8,17,RELIABILITY,SEQ,1,0.020544815065,2.40580671374,0.020544815065,348.035664183,7,0.006235,0.010501,0.016822,NOT_RUN,,
20,8,17,RELIABILITY,MIN,1,0.0207441946869,2.3317922163,0.0207441946869,326.643101608,6,0.022658,0.009551,0.032272,NOT_RUN,,
20,8,17,RELIABILITY,MAX,1,0.020417636128,2.2027550063,0.020417636128,327.098347044,6,0.02735,0.009735,0.037145,NOT_RUN,,
20,8,17,ENERGY,SEQ,1,331.851271937,2.1561748435,0.0286004417614,331.851271937,6,0.005041,0.060274,0.065375,NOT_RUN,,
20,8,17,ENERGY,MIN,1,310.775193969,2.24232301732,0.0287017631637,310.775193969,6,0.013248,0.013385,0.02669,NOT_RUN,,
20,8,17,ENERGY,MAX,1,329.163104723,1.95182345096,0.0288022219694,329.163104723,6,0.014823,0.01232,0.027201,NOT_RUN,,
20,8,18,COST,SEQ,1,2.38244485694,2.38244485694,0.02335960483,408.638886441,7,0.005661,0.083729,0.089489,NOT_RUN,,
20,8,18,COST,MIN,1,2.24037526851,2.24037526851,0.0228188521144,408.98249201,7,0.015228,0.049417,0.064742,NOT_RUN,,
20,8,18,COST,MAX,1,2.19773310404,2.19773310404,0.0232799714831,406.972456537,7,0.014838,0.123613,0.138518,NOT_RUN,,
20,8,18,RELIABILITY,SEQ,1,0.0179134745467,2.66130057408,0.0179134745467,413.859227462,7,0.005545,0.011037,0.016642,NOT_RUN,,
20,8,18,RELIABILITY,MIN,1,0.019838467175,2.81884082037,0.019838467175,420.050554274,7,0.020784,0.009915,0.030754,NOT_RUN,,
20,8,18,RELIABILITY,MAX,1,0.0168367702125,2.76134857508,0.0168367702125,423.555067641,7,0.020997,0.011619,0.03267,NOT_RUN,,
20,8,18,ENERGY,SEQ,1,368.484211,2.61674235492,0.0233346244282,368.484211,7,0.00462,0.042997,0.047669,NOT_RUN,,
20,8,18,ENERGY,MIN,1,369.506354637,2.71211426291,0.0231132658639,369.506354637,7,0.012371,0.059689,0.072112,NOT_RUN,,
20,8,18,ENERGY,MAX,1,395.034784993,2.7360710275,0.0254459183738,395.034784993,7,0.013013,0.011465,0.02453,NOT_RUN,,
20,8,19,COST,SEQ,1,1.85171650157,1.85171650157,0.0308902255956,475.66388722,7,0.006934,0.197175,0.204201,NOT_RUN,,
20,8,19,COST,MIN,1,1.92812615797,1.92812615797,0.0294217161675,468.682946813,7,0.012045,0.082772,0.094885,NOT_RUN,,
20,8,19,COST,MAX,1,1.9502358247,1.9502358247,0.031988590092,471.686663739,7,0.012815,0.177119,0.18999,NOT_RUN,,
20,8,19,RELIABILITY,SEQ,1,0.0209299730587,2.37391202022,0.0209299730587,410.614819884,6,0.005542,0.010861,0.01647,NOT_RUN,,
20,8,19,RELIABILITY,MIN,1,0.0221038812543,2.28231987285,0.0221038812543,424.730585963,7,0.023248,0.012987,0.036291,NOT_RUN,,
20,8,19,RELIABILITY,MAX,1,0.0187553793294,1.95598106559,0.0187553793294,412.446301835,6,0.02418,0.010073,0.034308,NOT_RUN,,
20,8,19,ENERGY,SEQ,1,373.155265941,2.27604772479,0.0228412123174,373.155265941,6,0.004678,0.04873,0.053462,NOT_RUN,,
20,8,19,ENERGY,MIN,1,400.018808792,2.42723712867,0.0224021594712,400.018808792,7,0.012694,0.067296,0.080053,NOT_RUN,,
20,8,19,ENERGY,MAX,1,373.155265941,2.27267599207,0.0226072789786,373.155265941,6,0.014917,0.010764,0.025754,NOT_RUN,,
20,8,20,COST,SEQ,1,1.94792926571,1.94792926571,0.0293468205258,507.741725985,7,0.006834,0.184263,0.191189,NOT_RUN,,
20,8,20,COST,MIN,1,1.90642694068,1.90642694068,0.0297224260621,499.832339893,7,0.013228,0.096623,0.109928,NOT_RUN,,
20,8,20,COST,MAX,1,1.75812961964,1.75812961964,0.0328022075526,475.102881139,6,0.014051,0.196303,0.210437,NOT_RUN,,
20,8,20,RELIABILITY,SEQ,1,0.0226111477352,2.69765185096,0.0226111477352,474.534367252,7,0.005898,0.011928,0.017894,NOT_RUN,,
20,8,20,RELIABILITY,MIN,1,0.0268928918176,2.7983997376,0.0268928918176,516.181065628,8,0.020734,0.016226,0.037014,NOT_RUN,,
20,8,20,RELIABILITY,MAX,1,0.0202016672735,2.63686339927,0.0202016672735,470.279012305,7,0.018837,0.009285,0.028171,NOT_RUN,,
20,8,20,ENERGY,SEQ,1,426.586034772,2.5600857709,0.0324570478505,426.586034772,6,0.004298,0.011756,0.01611,NOT_RUN,,
20,8,20,ENERGY,MIN,1,468.873858988,2.74711563435,0.0327160404744,468.873858988,7,0.010949,0.01458,0.025582,NOT_RUN,,
20,8,20,ENERGY,MAX,1,434.582283493,2.35701164462,0.0299206383847,434.582283493,6,0.013353,0.011753,0.025161,NOT_RUN,,
20,8,21,COST,SEQ,1,1.96233720246,1.96233720246,0.0218435887878,393.286709231,7,0.005455,0.214498,0.22005,NOT_RUN,,
20,8,21,COST,MIN,1,1.63978135448,1.63978135448,0.0230561262256,372.536622789,6,0.013081,0.122559,0.1357,NOT_RUN,,
20,8,21,COST,MAX,1,2.02468568528,2.02468568528,0.0241134673217,361.23517145,6,0.014362,0.031221,0.045641,NOT_RUN,,
20,8,21,RELIABILITY,SEQ,1,0.0179197096801,2.62754180222,0.0179197096801,400.79426042,7,0.004946,0.015904,0.02092,NOT_RUN,,
20,8,21,RELIABILITY,MIN,1,0.0188164294382,2.54730169348,0.0188164294382,403.711413387,7,0.018737,0.012997,0.031794,NOT_RUN,,
20,8,21,RELIABILITY,MAX,1,0.0174021311727,2.92712767959,0.0174021311727,421.388648181,8,0.020398,0.010446,0.030895,NOT_RUN,,
20,8,21,ENERGY,SEQ,1,354.752710278,2.14462555777,0.0218713276514,354.752710278,6,0.004267,0.024116,0.028437,NOT_RUN,,
20,8,21,ENERGY,MIN,1,418.012456053,2.63946097087,0.022135652762,418.012456053,7,0.011531,0.071659,0.083242,NOT_RUN,,
20,8,21,ENERGY,MAX,1,330.690464842,2.04129850511,0.0227062564208,330.690464842,6,0.012517,0.010519,0.023089,NOT_RUN,,
20,8,22,COST,SEQ,1,2.56980323567,2.56980323567,0.0140958873167,507.299875639,7,0.00668,0.029765,0.036542,NOT_RUN,,
20,8,22,COST,MIN,1,2.42696467501,2.42696467501,0.0136998158546,510.13695315,7,0.013261,0.02824,0.041562,NOT_RUN,,
20,8,22,COST,MAX,1,2.37848767517,2.37848767517,0.0123792251289,527.480309227,7,0.015379,0.144728,0.160165,NOT_RUN,,
20,8,22,RELIABILITY,SEQ,1,0.00920013540102,3.31624577679,0.00920013540102,509.356240594,7,0.005836,0.012443,0.018341,NOT_RUN,,
20,8,22,RELIABILITY,MIN,1,0.0107597763995,3.14405853647,0.0107597763995,504.370374182,7,0.018905,0.009322,0.028281,NOT_RUN,,
20,8,22,RELIABILITY,MAX,1,0.00829945078642,3.05232804531,0.00829945078642,512.290091456,7,0.019477,0.008284,0.027812,NOT_RUN,,
20,8,22,ENERGY,SEQ,1,467.154864767,3.00315697122,0.0122352132149,467.154864767,7,0.004591,0.022363,0.027013,NOT_RUN,,
20,8,22,ENERGY,MIN,1,470.761789315,2.87211125346,0.0133857000233,470.761789315,7,0.011347,0.049723,0.06112,NOT_RUN,,
20,8,22,ENERGY,MAX,1,449.280768243,2.59540008785,0.0125220123792,449.280768243,6,0.011909,0.032265,0.044227,NOT_RUN,,
20,8,23,COST,SEQ,1,1.81648701177,1.81648701177,0.024555534942,388.985406683,7,0.006913,0.114641,0.121649,NOT_RUN,,
20,8,23,COST,MIN,1,1.81168440394,1.81168440394,0.0226485405698,392.015236321,7,0.012864,0.073394,0.086329,NOT_RUN,,
20,8,23,COST,MAX,1,1.95540882132,1.95540882132,0.0243456741624,392.032831665,7,0.013213,0.148643,0.161924,NOT_RUN,,
20,8,23,RELIABILITY,SEQ,1,0.017375606683,2.48902422404,0.017375606683,428.49694462,7,0.006012,0.008651,0.014744,NOT_RUN,,
20,8,23,RELIABILITY,MIN,1,0.0198122035571,2.43952279444,0.0198122035571,433.353674221,7,0.018711,0.009164,0.027933,NOT_RUN,,
20,8,23,RELIABILITY,MAX,1,0.015173066958,2.38806179233,0.015173066958,429.058799128,7,0.018174,0.008331,0.026555,NOT_RUN,,
20,8,23,ENERGY,SEQ,1,380.690938186,2.48438379803,0.019865010435,380.690938186,7,0.00451,0.042002,0.046561,NOT_RUN,,
20,8,23,ENERGY,MIN,1,382.102558921,2.27301509735,0.0243442631643,382.102558921,7,0.012511,0.075845,0.088405,NOT_RUN,,
20,8,23,ENERGY,MAX,1,379.383291442,2.38289590309,0.0214759890979,379.383291442,7,0.011928,0.010328,0.022306,NOT_RUN,,
20,8,24,COST,SEQ,1,1.75454390601,1.75454390601,0.0142799544477,410.26947063,6,0.007034,0.069355,0.076479,NOT_RUN,,
20,8,24,COST,MIN,1,1.73646938224,1.73646938224,0.0174077475443,420.225138974,6,0.012942,0.253779,0.266798,NOT_RUN,,
20,8,24,COST,MAX,1,1.97948196524,1.97948196524,0.0135520607674,410.26947063,6,0.01435,0.010364,0.024789,NOT_RUN,,
20,8,24,RELIABILITY,SEQ,1,0.0100399498411,2.45222121524,0.0100399498411,487.086542133,7,0.005019,0.009728,0.014817,NOT_RUN,,
20,8,24,RELIABILITY,MIN,1,0.0125163681736,2.92982286111,0.0125163681736,474.406691851,8,0.01864,0.014401,0.033092,NOT_RUN,,
20,8,24,RELIABILITY,MAX,1,0.0103895343499,2.42865450668,0.0103895343499,487.086542133,7,0.0183,0.008534,0.026884,NOT_RUN,,
20,8,24,ENERGY,SEQ,1,410.26947063,2.08966164134,0.0143613788647,410.26947063,6,0.004495,0.010662,0.015207,NOT_RUN,,
20,8,24,ENERGY,MIN,1,421.90987443,2.36402519483,0.0166230649673,421.90987443,7,0.0119,0.05597,0.067921,NOT_RUN,,
20,8,24,ENERGY,MAX,1,410.26947063,1.81426208369,0.0132517065503,410.26947063,6,0.011906,0.010349,0.022308,NOT_RUN,,
20,8,25,COST,SEQ,1,2.01745864775,2.01745864775,0.0260321135981,395.346908993,6,0.006663,0.155341,0.162098,NOT_RUN,,
20,8,25,COST,MIN,1,2.22698740237,2.22698740237,0.0276098051316,418.32275539,7,0.012782,0.168979,0.181816,NOT_RUN,,
20,8,25,COST,MAX,1,2.3604585933,2.3604585933,0.0257682688336,403.21006491,7,0.012649,0.148155,0.160855,NOT_RUN,,
20,8,25,RELIABILITY,SEQ,1,0.0226141158096,2.80119000571,0.0226141158096,389.763021826,7,0.005348,0.011307,0.016725,NOT_RUN,,
20,8,25,RELIABILITY,MIN,1,0.0237111573185,2.8524842593,0.0237111573185,386.553742477,7,0.0188,0.01087,0.029723,NOT_RUN,,
20,8,25,RELIABILITY,MAX,1,0.0200916755861,2.54088894434,0.0200916755861,366.623658476,6,0.01828,0.008015,0.026348,NOT_RUN,,
20,8,25,ENERGY,SEQ,1,377.641060167,2.94088561165,0.028766066176,377.641060167,7,0.004474,0.049492,0.054016,NOT_RUN,,
20,8,25,ENERGY,MIN,1,372.072405636,2.77162792236,0.0237012317428,372.072405636,6,0.010719,0.039796,0.050567,NOT_RUN,,
20,8,25,ENERGY,MAX,1,377.641060167,3.09332867035,0.0295958063087,377.641060167,7,0.011973,0.045524,0.057548,NOT_RUN,,
20,8,26,COST,SEQ,1,1.81918225782,1.81918225782,0.0261870949875,487.926217961,7,0.006669,0.050969,0.057729,NOT_RUN,,
20,8,26,COST,MIN,1,1.40205025813,1.40205025813,0.0274504334549,451.075318567,6,0.013786,0.057808,0.07166,NOT_RUN,,
20,8,26,COST,MAX,1,1.47698334623,1.47698334623,0.0262145820371,452.673125691,6,0.013964,0.186373,0.200405,NOT_RUN,,
20,8,26,RELIABILITY,SEQ,1,0.0200460490458,2.3117054841,0.0200460490458,471.209036357,7,0.00565,0.011882,0.017609,NOT_RUN,,
20,8,26,RELIABILITY,MIN,1,0.0216645356704,2.39485433207,0.0216645356704,471.688412659,7,0.01942,0.010895,0.030366,NOT_RUN,,
20,8,26,RELIABILITY,MAX,1,0.0193272132306,2.16226122812,0.0193272132306,441.384226544,6,0.0198,0.008386,0.028244,NOT_RUN,,
20,8,26,ENERGY,SEQ,1,425.93988672,2.01866721819,0.0277607912756,425.93988672,6,0.004877,0.042076,0.047007,NOT_RUN,,
20,8,26,ENERGY,MIN,1,444.8360032,2.30833736317,0.0233264913522,444.8360032,7,0.013047,0.068298,0.081396,NOT_RUN,,
20,8,26,ENERGY,MAX,1,425.734684867,2.19590063133,0.0249954676491,425.734684867,6,0.013195,0.057987,0.071236,NOT_RUN,,
20,8,27,COST,SEQ,1,2.16903664489,2.16903664489,0.0168470345992,468.812261308,7,0.006546,0.109145,0.115782,NOT_RUN,,
20,8,27,COST,MIN,1,1.91737181533,1.91737181533,0.0184161232446,433.760240467,7,0.0144,0.096194,0.11066,NOT_RUN,,
20,8,27,COST,MAX,1,1.99826381143,1.99826381143,0.0187921882389,425.551418419,7,0.015409,0.175004,0.190474,NOT_RUN,,
20,8,27,RELIABILITY,SEQ,1,0.0138358998861,2.65954859711,0.0138358998861,431.428187251,7,0.004937,0.011159,0.016152,NOT_RUN,,
20,8,27,RELIABILITY,MIN,1,0.0165117329293,2.70132775838,0.0165117329293,426.283227929,7,0.018418,0.010888,0.029355,NOT_RUN,,
20,8,27,RELIABILITY,MAX,1,0.0138491165202,2.65968902353,0.0138491165202,444.173595119,7,0.018181,0.007675,0.025906,NOT_RUN,,
20,8,27,ENERGY,SEQ,1,403.03389387,2.68422957754,0.0181286875839,403.03389387,7,0.004307,0.032633,0.036988,NOT_RUN,,
20,8,27,ENERGY,MIN,1,391.137170953,2.34344312876,0.0159407516683,391.137170953,6,0.01268,0.070982,0.083712,NOT_RUN,,
20,8,27,ENERGY,MAX,1,424.555481262,2.75686674534,0.0192546909873,424.555481262,7,0.013549,0.010651,0.024256,NOT_RUN,,
20,8,28,COST,SEQ,1,1.98474743927,1.98474743927,0.0201744277065,441.362852605,7,0.006702,0.13069,0.137482,NOT_RUN,,
20,8,28,COST,MIN,1,1.97205755304,1.97205755304,0.0195678492253,439.694634896,7,0.013927,0.099199,0.113208,NOT_RUN,,
20,8,28,COST,MAX,1,2.11190975874,2.11190975874,0.0208660783667,436.581689811,7,0.014372,0.148553,0.16298,NOT_RUN,,
20,8,28,RELIABILITY,SEQ,1,0.0158711573008,2.69402342682,0.0158711573008,417.118588349,7,0.004941,0.008906,0.013905,NOT_RUN,,
20,8,28,RELIABILITY,MIN,1,0.0178768284741,2.98250797131,0.0178768284741,449.159782969,8,0.019381,0.010997,0.030429,NOT_RUN,,
20,8,28,RELIABILITY,MAX,1,0.0152071657252,2.80561376174,0.0152071657252,411.650979575,7,0.018787,0.007703,0.026543,NOT_RUN,,
20,8,28,ENERGY,SEQ,1,418.306239696,2.52478292698,0.0207573826227,418.306239696,7,0.004271,0.039199,0.043519,NOT_RUN,,
20,8,28,ENERGY,MIN,1,423.480264647,2.75002863202,0.019073035713,423.480264647,7,0.011763,0.058415,0.070227,NOT_RUN,,
20,8,28,ENERGY,MAX,1,413.306101271,2.39343360097,0.0231810573696,413.306101271,6,0.012108,0.031575,0.043737,NOT_RUN,,
20,8,29,COST,SEQ,1,2.37764468335,2.37764468335,0.0186654812437,345.05062375,7,0.006995,0.190575,0.197674,NOT_RUN,,
20,8,29,COST,MIN,1,2.27906147202,2.27906147202,0.0165677787776,388.615732819,7,0.014049,0.090744,0.104874,NOT_RUN,,
20,8,29,COST,MAX,1,2.7807368526,2.7807368526,0.0146893233435,387.025941607,7,0.012384,0.06714,0.079576,NOT_RUN,,
20,8,29,RELIABILITY,SEQ,1,0.0126559225514,2.75008696453,0.0126559225514,333.898338964,6,0.004783,0.008363,0.013203,NOT_RUN,,
20,8,29,RELIABILITY,MIN,1,0.0140759582659,2.83487449808,0.0140759582659,363.153212569,7,0.018097,0.010138,0.028286,NOT_RUN,,
20,8,29,RELIABILITY,MAX,1,0.0109430209456,2.962814341,0.0109430209456,337.928085802,6,0.017622,0.008207,0.025879,NOT_RUN,,
20,8,29,ENERGY,SEQ,1,333.610627226,2.76209164058,0.0153743536695,333.610627226,7,0.004186,0.019453,0.023692,NOT_RUN,,
20,8,29,ENERGY,MIN,1,338.625863358,2.97216823747,0.0155809501115,338.625863358,7,0.012525,0.02053,0.033106,NOT_RUN,,
20,8,29,ENERGY,MAX,1,308.730470339,2.60027314935,0.0151030797235,308.730470339,6,0.013061,0.010237,0.023352,NOT_RUN,,
20,8,30,COST,SEQ,1,2.16304250852,2.16304250852,0.020341093645,404.419745217,7,0.006731,0.015704,0.022529,NOT_RUN,,
20,8,30,COST,MIN,1,1.65895605043,1.65895605043,0.019295279825,400.230877028,7,0.012713,0.024527,0.037296,NOT_RUN,,
20,8,30,COST,MAX,1,1.83152430282,1.83152430282,0.0203961570452,417.498350284,7,0.011899,0.133617,0.145574,NOT_RUN,,
20,8,30,RELIABILITY,SEQ,1,0.0154266214514,2.50361892249,0.0154266214514,418.457537922,7,0.005828,0.009355,0.015243,NOT_RUN,,
20,8,30,RELIABILITY,MIN,1,0.0185789874053,2.28636448233,0.0185789874053,403.785163329,7,0.019796,0.006976,0.026829,NOT_RUN,,
20,8,30,RELIABILITY,MAX,1,0.0158883163446,2.26531952506,0.0158883163446,416.867029712,7,0.021411,0.008285,0.029747,NOT_RUN,,
20,8,30,ENERGY,SEQ,1,396.059371192,2.46174104089,0.022472960398,396.059371192,7,0.004825,0.027192,0.032068,NOT_RUN,,
20,8,30,ENERGY,MIN,1,427.513175028,2.47872889617,0.0196788902925,427.513175028,8,0.011732,0.022447,0.034231,NOT_RUN,,
20,8,30,ENERGY,MAX,1,395.135141372,2.16981682538,0.0188209477419,395.135141372,7,0.012613,0.017416,0.030079,NOT_RUN,,
40,12,1,COST,SEQ,1,2.71981307447,2.71981307447,0.0371720706924,619.419470777,10,0.031814,1.99275,2.024659,NOT_RUN,,
40,12,1,COST,MIN,1,2.831304343,2.831304343,0.0429018745962,601.076481007,10,0.040753,0.383787,0.42461,NOT_RUN,,
40,12,1,COST,MAX,1,2.87568480833,2.87568480833,0.0416258307437,603.624077753,10,0.046753,2.484055,2.531,NOT_RUN,,
40,12,1,RELIABILITY,SEQ,1,0.0308226360731,3.92601469939,0.0308226360731,623.55100408,9,0.015836,0.053384,0.069291,NOT_RUN,,
40,12,1,RELIABILITY,MIN,1,0.0323564320337,4.25912993792,0.0323564320337,650.78978381,11,0.098195,0.08117,0.179427,NOT_RUN,,
40,12,1,RELIABILITY,MAX,1,0.0311431212245,3.91562387376,0.0311431212245,623.55100408,9,0.099467,0.049341,0.148866,NOT_RUN,,
40,12,1,ENERGY,SEQ,1,514.626131115,3.84416329365,0.0481623575407,514.626131115,9,0.013534,0.056409,0.07,NOT_RUN,,
40,12,1,ENERGY,MIN,1,540.128660678,3.95184118393,0.0461337096369,540.128660678,10,0.052212,0.284624,0.336891,NOT_RUN,,
40,12,1,ENERGY,MAX,1,514.626131115,3.50125125233,0.0486607814764,514.626131115,9,0.04793,0.052071,0.100058,NOT_RUN,,
40,12,2,COST,SEQ,1,2.74224836744,2.74224836744,0.0277851022733,467.719718651,10,0.014431,2.068309,2.082904,NOT_RUN,,
40,12,2,COST,MIN,1,2.64887976204,2.64887976204,0.0284941414845,470.382452019,10,0.044619,0.686775,0.731477,NOT_RUN,,
40,12,2,COST,MAX,1,3.41433108959,3.41433108959,0.0291112634571,466.010593166,10,0.04788,0.896264,0.944222,NOT_RUN,,
40,12,2,RELIABILITY,SEQ,1,0.0182962570041,4.42369458149,0.0182962570041,531.362938615,11,0.015318,0.051096,0.066473,NOT_RUN,,
40,12,2,RELIABILITY,MIN,1,0.0205765260418,4.10537095881,0.0205765260418,515.78651635,10,0.088199,0.052962,0.141221,NOT_RUN,,
40,12,2,RELIABILITY,MAX,1,0.0194182337475,4.61482721773,0.0194182337475,529.39545904,11,0.103566,0.052756,0.156379,NOT_RUN,,
40,12,2,ENERGY,SEQ,1,466.226950354,4.19473702848,0.0260580803418,466.226950354,10,0.013261,0.252988,0.266309,NOT_RUN,,
40,12,2,ENERGY,MIN,1,456.504713554,3.92795838577,0.0244699669698,456.504713554,10,0.057027,0.520189,0.577296,NOT_RUN,,
40,12,2,ENERGY,MAX,1,462.845335332,4.18824092172,0.0268239398218,462.845335332,10,0.048103,0.14892,0.197104,NOT_RUN,,
40,12,3,COST,SEQ,1,3.09905198947,3.09905198947,0.0265642992357,604.189374223,10,0.01468,1.595979,1.61076,NOT_RUN,,
40,12,3,COST,MIN,1,3.03394238122,3.03394238122,0.027423758708,599.379781415,10,0.044183,0.649417,0.693684,NOT_RUN,,
40,12,3,COST,MAX,1,3.40447945024,3.40447945024,0.0290271889911,604.1501355,10,0.051491,1.734541,1.786111,NOT_RUN,,
40,12,3,RELIABILITY,SEQ,1,0.0185849189298,4.52947252995,0.0185849189298,551.598933731,10,0.014233,0.056816,0.071121,NOT_RUN,,
40,12,3,RELIABILITY,MIN,1,0.0206657723918,4.76343739788,0.0206657723918,575.914876069,11,0.096627,0.071607,0.168291,NOT_RUN,,
40,12,3,RELIABILITY,MAX,1,0.0178793600448,4.15758598426,0.0178793600448,562.288153639,10,0.09584,0.04733,0.143228,NOT_RUN,,
40,12,3,ENERGY,SEQ,1,537.851822324,4.66915524754,0.0279266333098,537.851822324,10,0.012684,0.209699,0.222444,NOT_RUN,,
40,12,3,ENERGY,MIN,1,524.38451886,4.35366622189,0.0253483209186,524.38451886,10,0.048081,1.098203,1.14635,NOT_RUN,,
40,12,3,ENERGY,MAX,1,575.385554805,4.73218942689,0.0280359190735,575.385554805,10,0.05133,0.259957,0.311361,NOT_RUN,,
40,12,4,COST,SEQ,1,2.96826414106,2.96826414106,0.0181201250154,626.272008755,10,0.013486,1.165673,1.179261,NOT_RUN,,
40,12,4,COST,MIN,1,2.69055823136,2.69055823136,0.020012055272,620.558927762,10,0.042725,0.76393,0.806734,NOT_RUN,,
40,12,4,COST,MAX,1,2.9550516694,2.9550516694,0.0186920796456,622.128984486,10,0.043911,1.079044,1.123016,NOT_RUN,,
40,12,4,RELIABILITY,SEQ,1,0.0137358581623,4.04817591588,0.0137358581623,637.016529274,10,0.013101,0.05027,0.063449,NOT_RUN,,
40,12,4,RELIABILITY,MIN,1,0.014865729166,4.36029858661,0.014865729166,677.465963839,11,0.083479,0.051907,0.135439,NOT_RUN,,
40,12,4,RELIABILITY,MAX,1,0.0138613642346,4.66361801318,0.0138613642346,676.06957691,11,0.085162,0.041208,0.12642,NOT_RUN,,
40,12,4,ENERGY,SEQ,1,575.775341897,3.78321441969,0.0187999459489,575.775341897,10,0.012039,0.242236,0.25433,NOT_RUN,,
40,12,4,ENERGY,MIN,1,576.866129282,3.79702818814,0.0218651651329,576.866129282,10,0.043863,0.580362,0.624288,NOT_RUN,,
40,12,4,ENERGY,MAX,1,575.775341897,3.80014200842,0.0162061642059,575.775341897,10,0.043191,0.306189,0.349456,NOT_RUN,,
40,12,5,COST,SEQ,1,2.79315983312,2.79315983312,0.0298121443945,606.180076607,10,0.013977,1.713753,1.727848,NOT_RUN,,
40,12,5,COST,MIN,1,2.68655821723,2.68655821723,0.0301621587684,601.018081449,10,0.048286,0.638678,0.687048,NOT_RUN,,
40,12,5,COST,MAX,1,3.0141184965,3.0141184965,0.034796507231,575.554928791,10,0.050967,1.307671,1.358711,NOT_RUN,,
40,12,5,RELIABILITY,SEQ,1,0.0215624907343,3.8553558578,0.0215624907343,608.796975106,10,0.012724,0.047345,0.060142,NOT_RUN,,
40,12,5,RELIABILITY,MIN,1,0.0238146923839,3.78557300773,0.0238146923839,603.427845807,10,0.078344,0.074483,0.152884,NOT_RUN,,
40,12,5,RELIABILITY,MAX,1,0.0228458848797,4.19151657755,0.0228458848797,609.546537958,10,0.085225,0.05005,0.135336,NOT_RUN,,
40,12,5,ENERGY,SEQ,1,552.341240453,4.28909870912,0.0342054860688,552.341240453,10,0.031633,0.202621,0.234309,NOT_RUN,,
40,12,5,ENERGY,MIN,1,551.718774409,4.50403634975,0.0364785123799,551.718774409,10,0.042688,0.701866,0.744617,NOT_RUN,,
40,12,5,ENERGY,MAX,1,562.976169751,4.3995598253,0.0318618127763,562.976169751,10,0.048361,0.140364,0.188795,NOT_RUN,,
40,12,6,COST,SEQ,1,2.88595483225,2.88595483225,0.0524780606308,654.221503724,10,0.013577,2.043082,2.056755,NOT_RUN,,
40,12,6,COST,MIN,1,2.81112234305,2.81112234305,0.0525865797257,660.288119385,10,0.041002,0.490694,0.531792,NOT_RUN,,
40,12,6,COST,MAX,1,2.81781315434,2.81781315434,0.0524489019777,656.866730808,10,0.049164,2.223192,2.272439,NOT_RUN,,
40,12,6,RELIABILITY,SEQ,1,0.0308123074872,4.41535043801,0.0308123074872,635.697650364,10,0.013312,0.046789,0.06018,NOT_RUN,,
40,12,6,RELIABILITY,MIN,1,0.0338567921051,4.24337692814,0.0338567921051,649.019304896,10,0.082961,0.051942,0.13496,NOT_RUN,,
40,12,6,RELIABILITY,MAX,1,0.0319567766311,4.31026449392,0.0319567766311,633.984146506,10,0.079237,0.041747,0.121036,NOT_RUN,,
40,12,6,ENERGY,SEQ,1,587.934546257,4.09522310105,0.0427310242159,587.934546257,10,0.01222,0.150794,0.163066,NOT_RUN,,
40,12,6,ENERGY,MIN,1,593.472465937,4.13551401765,0.0467389705943,593.472465937,10,0.044864,0.489691,0.534621,NOT_RUN,,
40,12,6,ENERGY,MAX,1,588.852441014,4.23914710744,0.0519896884811,588.852441014,10,0.045039,0.047498,0.092609,NOT_RUN,,
40,12,7,COST,SEQ,1,2.51703212527,2.51703212527,0.0251103319696,536.444849001,10,0.01467,2.430585,2.445358,NOT_RUN,,
40,12,7,COST,MIN,1,2.49369282987,2.49369282987,0.0224349939155,532.518721314,10,0.042715,0.904681,0.947477,NOT_RUN,,
40,12,7,COST,MAX,1,2.5755067595,2.5755067595,0.0235829220185,533.956815781,10,0.04644,2.62392,2.670448,NOT_RUN,,
40,12,7,RELIABILITY,SEQ,1,0.0159142995938,3.78911774185,0.0159142995938,535.535202066,10,0.014898,0.057078,0.072058,NOT_RUN,,
40,12,7,RELIABILITY,MIN,1,0.0176858030428,3.818087543,0.0176858030428,537.083270337,10,0.093017,0.069499,0.162574,NOT_RUN,,
40,12,7,RELIABILITY,MAX,1,0.0158581999786,4.21859339015,0.0158581999786,558.686017039,11,0.094132,0.050605,0.144793,NOT_RUN,,
40,12,7,ENERGY,SEQ,1,493.975788363,4.11641067306,0.0212093856577,493.975788363,10,0.013693,0.226064,0.239815,NOT_RUN,,
40,12,7,ENERGY,MIN,1,501.954373299,4.30374850245,0.0191367646175,501.954373299,10,0.045741,0.558878,0.604684,NOT_RUN,,
40,12,7,ENERGY,MAX,1,526.936652975,4.24549822924,0.0168129724266,526.936652975,10,0.045647,0.421608,0.467327,NOT_RUN,,
40,12,8,COST,SEQ,1,2.99235614305,2.99235614305,0.0231325021481,560.977324085,10,0.014865,1.883602,1.898562,NOT_RUN,,
40,12,8,COST,MIN,1,3.05635849956,3.05635849956,0.0197732177756,573.862636659,10,0.040412,0.589879,0.630364,NOT_RUN,,
40,12,8,COST,MAX,1,2.98412307744,2.98412307744,0.0230329075461,564.856120938,10,0.042187,2.302804,2.345061,NOT_RUN,,
40,12,8,RELIABILITY,SEQ,1,0.0172753249408,4.29997082295,0.0172753249408,609.017799406,11,0.013653,0.055345,0.06907,NOT_RUN,,
40,12,8,RELIABILITY,MIN,1,0.0187564181239,4.41108482594,0.0187564181239,604.192642263,11,0.080521,0.067374,0.147951,NOT_RUN,,
40,12,8,RELIABILITY,MAX,1,0.0174492913496,4.52959342993,0.0174492913496,610.15973393,11,0.080882,0.040899,0.121832,NOT_RUN,,
40,12,8,ENERGY,SEQ,1,520.58757007,4.17279278743,0.0211179893769,520.58757007,10,0.011055,0.246295,0.257403,NOT_RUN,,
40,12,8,ENERGY,MIN,1,525.346316218,4.28882328907,0.0254137594536,525.346316218,10,0.042253,0.540563,0.582881,NOT_RUN,,
40,12,8,ENERGY,MAX,1,520.919630494,4.31752996308,0.0218151704396,520.919630494,10,0.0432,0.326551,0.369827,NOT_RUN,,
40,12,9,COST,SEQ,1,3.2652576268,3.2652576268,0.0373949276314,600.531135956,9,0.015965,0.208213,0.224269,NOT_RUN,,
40,12,9,COST,MIN,1,2.47145178135,2.47145178135,0.0354209616004,601.394759757,9,0.044551,0.091916,0.136523,NOT_RUN,,
40,12,9,COST,MAX,1,4.04853488159,4.04853488159,0.0362524113302,601.565246838,9,0.042097,0.216271,0.258418,NOT_RUN,,
40,12,9,RELIABILITY,SEQ,1,0.0305142007946,4.2768628555,0.0305142007946,589.771996558,10,0.012585,0.059035,0.071678,NOT_RUN,,
40,12,9,RELIABILITY,MIN,1,0.0305636717327,4.09946150011,0.0305636717327,600.969464352,10,0.082517,0.046942,0.12951,NOT_RUN,,
40,12,9,RELIABILITY,MAX,1,0.0261583090642,4.15114132041,0.0261583090642,599.491843053,10,0.085415,0.184428,0.269913,NOT_RUN,,
40,12,9,ENERGY,SEQ,1,535.730812637,4.17549799485,0.0377391661535,535.730812637,10,0.019223,0.100115,0.119435,NOT_RUN,,
40,12,9,ENERGY,MIN,1,526.221068836,4.12413859523,0.0373256924004,526.221068836,10,0.071474,1.057966,1.12954,NOT_RUN,,
40,12,9,ENERGY,MAX,1,535.266119209,4.32218447918,0.0329107448893,535.266119209,10,0.080787,0.087659,0.168531,NOT_RUN,,
40,12,10,COST,SEQ,1,3.1055452935,3.1055452935,0.0353074596116,560.289207184,10,0.019392,1.2129,1.232408,NOT_RUN,,
40,12,10,COST,MIN,1,2.59505843902,2.59505843902,0.0363514874578,571.285528921,10,0.038725,0.354398,0.393193,NOT_RUN,,
40,12,10,COST,MAX,1,3.29284751079,3.29284751079,0.0356247703219,560.491554297,10,0.047552,1.184262,1.231879,NOT_RUN,,
40,12,10,RELIABILITY,SEQ,1,0.0230826165664,4.03822611003,0.0230826165664,590.624732848,10,0.013205,0.048418,0.061698,NOT_RUN,,
40,12,10,RELIABILITY,MIN,1,0.0261373650335,4.13606905245,0.0261373650335,594.433235094,10,0.083264,0.049397,0.132718,NOT_RUN,,
40,12,10,RELIABILITY,MAX,1,0.0213376332742,3.94002787826,0.0213376332742,588.387267039,10,0.081867,0.042231,0.124151,NOT_RUN,,
40,12,10,ENERGY,SEQ,1,516.05072527,4.25177994469,0.0284902306804,516.05072527,10,0.011461,0.233189,0.244708,NOT_RUN,,
40,12,10,ENERGY,MIN,1,529.782788847,3.86547874405,0.032631825005,529.782788847,10,0.041388,0.658306,0.699766,NOT_RUN,,
40,12,10,ENERGY,MAX,1,516.66625479,4.15876135513,0.0317310196286,516.66625479,10,0.044375,0.095378,0.139825,NOT_RUN,,
40,12,11,COST,SEQ,1,2.3239755394,2.3239755394,0.0377971458978,554.265228873,10,0.013502,1.482708,1.496306,NOT_RUN,,
40,12,11,COST,MIN,1,2.22699880889,2.22699880889,0.0388519772684,556.167228183,10,0.039833,0.575619,0.615539,NOT_RUN,,
40,12,11,COST,MAX,1,2.63289169703,2.63289169703,0.0374978324546,550.286559264,10,0.04649,1.503702,1.550275,NOT_RUN,,
40,12,11,RELIABILITY,SEQ,1,0.0244409745863,3.93511591824,0.0244409745863,568.486819736,10,0.012914,0.048811,0.061797,NOT_RUN,,
40,12,11,RELIABILITY,MIN,1,0.0280490674011,3.91525448997,0.0280490674011,576.273163879,10,0.083319,0.051552,0.134924,NOT_RUN,,
40,12,11,RELIABILITY,MAX,1,0.0249050540654,3.80107672526,0.0249050540654,567.972882678,10,0.079428,0.041907,0.121386,NOT_RUN,,
40,12,11,ENERGY,SEQ,1,517.717270478,3.4998458997,0.0324984364146,517.717270478,10,0.011895,0.390001,0.401946,NOT_RUN,,
40,12,11,ENERGY,MIN,1,519.006794593,3.56300182542,0.0369965048196,519.006794593,10,0.043214,0.895714,0.938994,NOT_RUN,,
40,12,11,ENERGY,MAX,1,537.06066579,4.14337704751,0.0290090016923,537.06066579,10,0.044225,0.047498,0.091802,NOT_RUN,,
40,12,12,COST,SEQ,1,3.35903156598,3.35903156598,0.0314013472319,541.6649518,10,0.013707,1.345505,1.359308,NOT_RUN,,
40,12,12,COST,MIN,1,3.06383914219,3.06383914219,0.0332674059003,542.306462002,10,0.047484,0.53555,0.583117,NOT_RUN,,
40,12,12,COST,MAX,1,3.06794593865,3.06794593865,0.0381145657439,580.171093796,10,0.051355,2.796159,2.847662,NOT_RUN,,
40,12,12,RELIABILITY,SEQ,1,0.0257209480802,4.47391231657,0.0257209480802,585.57095867,10,0.021827,0.045248,0.067152,NOT_RUN,,
40,12,12,RELIABILITY,MIN,1,0.0283803308461,4.55795891525,0.0283803308461,572.80424808,11,0.078698,0.057477,0.136225,NOT_RUN,,
40,12,12,RELIABILITY,MAX,1,0.0256276586472,4.76736060587,0.0256276586472,602.260943207,11,0.07745,0.042076,0.119575,NOT_RUN,,
40,12,12,ENERGY,SEQ,1,519.318790743,4.35630956388,0.0336017383316,519.318790743,10,0.011509,0.117002,0.128563,NOT_RUN,,
40,12,12,ENERGY,MIN,1,521.134995923,4.55534885015,0.0342266423149,521.134995923,10,0.040758,0.298726,0.339547,NOT_RUN,,
40,12,12,ENERGY,MAX,1,511.482666407,4.39699400634,0.0364353638012,511.482666407,10,0.042193,0.199055,0.24132,NOT_RUN,,
40,12,13,COST,SEQ,1,2.79516792578,2.79516792578,0.0491777268574,651.523666622,10,0.014417,1.404346,1.418858,NOT_RUN,,
40,12,13,COST,MIN,1,2.75512939936,2.75512939936,0.0489948653496,647.692411341,10,0.040539,0.440893,0.481518,NOT_RUN,,
40,12,13,COST,MAX,1,2.86685812569,2.86685812569,0.05143246865,671.196902696,10,0.045926,1.65265,1.69866,NOT_RUN,,
40,12,13,RELIABILITY,SEQ,1,0.0328758855722,4.19041919595,0.0328758855722,634.283524004,10,0.013046,0.04986,0.062976,NOT_RUN,,
40,12,13,RELIABILITY,MIN,1,0.0358029210168,4.16487814517,0.0358029210168,632.387518188,10,0.082009,0.049297,0.131361,NOT_RUN,,
40,12,13,RELIABILITY,MAX,1,0.0342003659948,3.92679636141,0.0342003659948,635.032275009,10,0.084413,0.041616,0.126081,NOT_RUN,,
40,12,13,ENERGY,SEQ,1,607.228116542,4.03716028167,0.0450831865439,607.228116542,10,0.011501,0.206542,0.218097,NOT_RUN,,
40,12,13,ENERGY,MIN,1,635.028030819,4.49241703124,0.0457820055799,635.028030819,11,0.042931,0.45025,0.493246,NOT_RUN,,
40,12,13,ENERGY,MAX,1,611.455190237,4.15570821752,0.0483254549199,611.455190237,10,0.048138,0.162085,0.210301,NOT_RUN,,
40,12,14,COST,SEQ,1,3.1540029827,3.1540029827,0.0318357957884,611.255839313,10,0.018991,2.838106,2.857212,NOT_RUN,,
40,12,14,COST,MIN,1,3.19290129886,3.19290129886,0.0272512791708,627.24548091,10,0.054369,0.789444,0.843899,NOT_RUN,,
40,12,14,COST,MAX,1,3.1874776916,3.1874776916,0.0314676891448,598.865198098,10,0.044165,2.66352,2.707763,NOT_RUN,,
40,12,14,RELIABILITY,SEQ,1,0.0218824494304,4.79469575101,0.0218824494304,663.319853986,11,0.013593,0.050815,0.064483,NOT_RUN,,
40,12,14,RELIABILITY,MIN,1,0.0229922235368,4.60718903857,0.0229922235368,632.197295193,10,0.081142,0.051519,0.13272,NOT_RUN,,
40,12,14,RELIABILITY,MAX,1,0.020361069596,5.09527782636,0.020361069596,693.272317454,12,0.082882,0.055578,0.138511,NOT_RUN,,
40,12,14,ENERGY,SEQ,1,581.486301525,4.40654472274,0.030652313128,581.486301525,10,0.011629,0.304193,0.315883,NOT_RUN,,
40,12,14,ENERGY,MIN,1,580.488501395,4.28367874425,0.0332123149899,580.488501395,10,0.042343,0.28737,0.329766,NOT_RUN,,
40,12,14,ENERGY,MAX,1,589.594635278,4.46971149256,0.0295464431527,589.594635278,10,0.044687,0.140629,0.185367,NOT_RUN,,
40,12,15,COST,SEQ,1,3.12664312383,3.12664312383,0.0304410398435,524.518114684,10,0.022536,1.941336,1.96397,NOT_RUN,,
40,12,15,COST,MIN,1,3.01572269549,3.01572269549,0.0279754967058,526.639297859,10,0.038161,0.864671,0.902927,NOT_RUN,,
40,12,15,COST,MAX,1,3.1782187676,3.1782187676,0.0304163811898,520.101336327,10,0.04284,1.914073,1.956996,NOT_RUN,,
40,12,15,RELIABILITY,SEQ,1,0.0142521434215,4.32552189437,0.0142521434215,496.479488443,10,0.01298,0.053962,0.067009,NOT_RUN,,
40,12,15,RELIABILITY,MIN,1,0.0151741403237,4.35098287543,0.0151741403237,503.725902153,10,0.080343,0.058493,0.138895,NOT_RUN,,
40,12,15,RELIABILITY,MAX,1,0.0140635062085,4.66885004723,0.0140635062085,503.125958087,10,0.080018,0.048474,0.128544,NOT_RUN,,
40,12,15,ENERGY,SEQ,1,451.704680596,4.25081233004,0.0263741499631,451.704680596,9,0.012463,0.368169,0.380682,NOT_RUN,,
40,12,15,ENERGY,MIN,1,472.326598005,4.52989576065,0.0290389017259,472.326598005,10,0.046395,0.410429,0.456873,NOT_RUN,,
40,12,15,ENERGY,MAX,1,472.857896065,4.46064057286,0.0318464048286,472.857896065,9,0.043402,0.252198,0.295664,NOT_RUN,,
40,12,16,COST,SEQ,1,2.98372912091,2.98372912091,0.0460788536777,548.714413033,10,0.013065,0.971062,0.984219,NOT_RUN,,
40,12,16,COST,MIN,1,2.73370002329,2.73370002329,0.0428388177674,522.749824662,10,0.048077,0.654272,0.702435,NOT_RUN,,
40,12,16,COST,MAX,1,2.77523601375,2.77523601375,0.0429442477393,525.142221351,10,0.049114,2.333611,2.382821,NOT_RUN,,
40,12,16,RELIABILITY,SEQ,1,0.030174388918,3.88263096853,0.030174388918,551.147243199,10,0.023303,0.080757,0.104156,NOT_RUN,,
40,12,16,RELIABILITY,MIN,1,0.031320844717,4.16730856853,0.031320844717,578.206504729,11,0.090326,0.056973,0.14738,NOT_RUN,,
40,12,16,RELIABILITY,MAX,1,0.0292479483977,4.29964548602,0.0292479483977,585.391867183,11,0.09749,0.041952,0.139515,NOT_RUN,,
40,12,16,ENERGY,SEQ,1,514.569582362,4.00707844491,0.043369996866,514.569582362,10,0.011478,0.194512,0.206062,NOT_RUN,,
40,12,16,ENERGY,MIN,1,539.834857177,4.24924590771,0.0415131248899,539.834857177,10,0.044043,0.261899,0.306012,NOT_RUN,,
40,12,16,ENERGY,MAX,1,529.477184582,4.06167266097,0.0316380734306,529.477184582,10,0.057312,0.138389,0.195774,NOT_RUN,,
40,12,17,COST,SEQ,1,2.91316764705,2.91316764705,0.0388994640197,602.225704905,10,0.014082,0.900734,0.91491,NOT_RUN,,
40,12,17,COST,MIN,1,2.63749360369,2.63749360369,0.0486995019779,615.504257585,10,0.04202,0.3139,0.355993,NOT_RUN,,
40,12,17,COST,MAX,1,3.14611724083,3.14611724083,0.0389618330995,599.800161468,10,0.046452,1.11312,1.159639,NOT_RUN,,
40,12,17,RELIABILITY,SEQ,1,0.0298912049111,4.2192546571,0.0298912049111,636.519659056,11,0.013397,0.051697,0.065167,NOT_RUN,,
40,12,17,RELIABILITY,MIN,1,0.0325675853534,4.17463418932,0.0325675853534,628.662061167,11,0.080064,0.071816,0.151943,NOT_RUN,,
40,12,17,RELIABILITY,MAX,1,0.0271159583872,4.23649061692,0.0271159583872,616.16214499,10,0.075371,0.049028,0.12445,NOT_RUN,,
40,12,17,ENERGY,SEQ,1,534.248481078,3.99671016262,0.0411647610619,534.248481078,10,0.011127,0.415851,0.42703,NOT_RUN,,
40,12,17,ENERGY,MIN,1,535.748436434,4.30292525758,0.0435315218128,535.748436434,10,0.040425,0.532525,0.573001,NOT_RUN,,
40,12,17,ENERGY,MAX,1,556.490843939,4.36734651346,0.0398889849338,556.490843939,10,0.041509,0.194162,0.235724,NOT_RUN,,
40,12,18,COST,SEQ,1,2.77879970358,2.77879970358,0.0360292595478,542.115485476,10,0.013374,2.807767,2.821244,NOT_RUN,,
40,12,18,COST,MIN,1,2.83599533836,2.83599533836,0.0361042780321,556.252697575,10,0.044546,0.823567,0.868193,NOT_RUN,,
40,12,18,COST,MAX,1,2.90262299387,2.90262299387,0.0362408866272,556.881784327,10,0.052882,2.216513,2.269464,NOT_RUN,,
40,12,18,RELIABILITY,SEQ,1,0.0317865081987,4.29349715747,0.0317865081987,500.06894588,10,0.014455,0.066716,0.081249,NOT_RUN,,
40,12,18,RELIABILITY,MIN,1,0.0308652425786,3.98695378039,0.0308652425786,476.904795528,9,0.095887,0.050417,0.14637,NOT_RUN,,
40,12,18,RELIABILITY,MAX,1,0.0302294010398,4.3128551526,0.0302294010398,496.922864555,10,0.089054,0.057305,0.146415,NOT_RUN,,
40,12,18,ENERGY,SEQ,1,436.621884875,4.22164309122,0.037459502345,436.621884875,9,0.01332,0.291756,0.305146,NOT_RUN,,
40,12,18,ENERGY,MIN,1,458.598127453,4.32001962956,0.0339630942381,458.598127453,10,0.052843,1.107459,1.160381,NOT_RUN,,
40,12,18,ENERGY,MAX,1,477.562329298,4.27085772523,0.0373848563228,477.562329298,10,0.047249,0.063351,0.110677,NOT_RUN,,
40,12,19,COST,SEQ,1,2.54946884773,2.54946884773,0.03267068197,538.953204245,9,0.014086,2.386827,2.401013,NOT_RUN,,
40,12,19,COST,MIN,1,2.63373596372,2.63373596372,0.030776799723,534.088678895,9,0.045286,0.246725,0.292105,NOT_RUN,,
40,12,19,COST,MAX,1,2.73631087312,2.73631087312,0.029718879748,591.241539761,10,0.06826,3.399335,3.467692,NOT_RUN,,
40,12,19,RELIABILITY,SEQ,1,0.0215388286951,4.2628691177,0.0215388286951,624.158406984,11,0.015108,0.080031,0.095221,NOT_RUN,,
40,12,19,RELIABILITY,MIN,1,0.0231152479288,4.07182377945,0.0231152479288,633.367144321,11,0.090901,0.063705,0.154669,NOT_RUN,,
40,12,19,RELIABILITY,MAX,1,0.0186593666241,4.23153402202,0.0186593666241,617.009306374,10,0.089337,0.065085,0.154478,NOT_RUN,,
40,12,19,ENERGY,SEQ,1,525.156393763,3.76651463512,0.0354640501182,525.156393763,9,0.012352,0.466852,0.479262,NOT_RUN,,
40,12,19,ENERGY,MIN,1,525.156393763,3.64459794532,0.0357295371123,525.156393763,9,0.045123,1.745487,1.790749,NOT_RUN,,
40,12,19,ENERGY,MAX,1,549.066550585,3.79424269928,0.033085749816,549.066550585,9,0.063166,0.101386,0.164667,NOT_RUN,,
40,12,20,COST,SEQ,1,3.23163637303,3.23163637303,0.0381397335584,729.940628999,10,0.020081,0.850656,0.870862,NOT_RUN,,
40,12,20,COST,MIN,1,2.95598767697,2.95598767697,0.0379158150396,733.16413725,10,0.044664,0.549182,0.593931,NOT_RUN,,
40,12,20,COST,MAX,1,3.23623576978,3.23623576978,0.0380984169223,719.887611386,10,0.050014,1.23263,1.282743,NOT_RUN,,
40,12,20,RELIABILITY,SEQ,1,0.0221417283058,4.22744836878,0.0221417283058,674.198896089,10,0.014844,0.051788,0.066717,NOT_RUN,,
40,12,20,RELIABILITY,MIN,1,0.0258023390209,4.32820327488,0.0258023390209,695.617473395,11,0.088963,0.066212,0.155239,NOT_RUN,,
40,12,20,RELIABILITY,MAX,1,0.0221519114276,4.12813218918,0.0221519114276,679.064342122,10,0.08878,0.04668,0.135517,NOT_RUN,,
40,12,20,ENERGY,SEQ,1,671.924022636,4.03910641277,0.033174014612,671.924022636,10,0.012354,0.053905,0.066316,NOT_RUN,,
40,12,20,ENERGY,MIN,1,671.192028305,4.15458444294,0.0305826078263,671.192028305,10,0.043216,0.429263,0.47254,NOT_RUN,,
40,12,20,ENERGY,MAX,1,671.376499675,4.42686691143,0.0350472378798,671.376499675,10,0.056118,0.05327,0.109468,NOT_RUN,,
40,12,21,COST,SEQ,1,2.96394605099,2.96394605099,0.0564840805202,613.752703131,10,0.013254,1.381319,1.394664,NOT_RUN,,
40,12,21,COST,MIN,1,2.79098686488,2.79098686488,0.0587141857489,605.334213425,10,0.053876,0.732312,0.786269,NOT_RUN,,
40,12,21,COST,MAX,1,2.94000682789,2.94000682789,0.043472877308,655.64193701,10,0.058177,1.711442,1.769719,NOT_RUN,,
40,12,21,RELIABILITY,SEQ,1,0.0305372659954,4.10725584928,0.0305372659954,655.21212419,10,0.015231,0.067528,0.082834,NOT_RUN,,
40,12,21,RELIABILITY,MIN,1,0.036816963002,4.55411822974,0.036816963002,659.952449706,11,0.091116,0.069939,0.161122,NOT_RUN,,
40,12,21,RELIABILITY,MAX,1,0.0292271588561,4.30735709928,0.0292271588561,681.269105097,11,0.093054,0.045049,0.138164,NOT_RUN,,
40,12,21,ENERGY,SEQ,1,551.931755121,4.35688268973,0.0510575521388,551.931755121,10,0.013972,0.455013,0.469041,NOT_RUN,,
40,12,21,ENERGY,MIN,1,550.733948231,4.03448051416,0.0545613455729,550.733948231,10,0.048218,0.624144,0.672423,NOT_RUN,,
40,12,21,ENERGY,MAX,1,571.78993707,4.18102680465,0.0478103115787,571.78993707,10,0.045199,0.053576,0.098833,NOT_RUN,,
40,12,22,COST,SEQ,1,3.0959694124,3.0959694124,0.0419626605422,552.933051985,10,0.014175,1.107202,1.121475,NOT_RUN,,
40,12,22,COST,MIN,1,2.74583610803,2.74583610803,0.0431335209278,555.050778283,10,0.044493,0.541205,0.585767,NOT_RUN,,
40,12,22,COST,MAX,1,3.02228324628,3.02228324628,0.0430430258645,554.306122321,10,0.048255,1.417522,1.46585,NOT_RUN,,
40,12,22,RELIABILITY,SEQ,1,0.0345326679975,4.67991702747,0.0345326679975,609.303390221,11,0.014692,0.056121,0.070892,NOT_RUN,,
40,12,22,RELIABILITY,MIN,1,0.0371303966123,4.88133511642,0.0371303966123,612.098197941,12,0.0913,0.058779,0.150137,NOT_RUN,,
40,12,22,RELIABILITY,MAX,1,0.0322534830184,4.40266681451,0.0322534830184,590.838033174,11,0.089868,0.060831,0.150756,NOT_RUN,,
40,12,22,ENERGY,SEQ,1,494.601422152,4.18427670953,0.0394864634948,494.601422152,10,0.01292,0.435221,0.448226,NOT_RUN,,
40,12,22,ENERGY,MIN,1,509.982852457,3.9682524472,0.0383907410363,509.982852457,10,0.047434,0.419005,0.466514,NOT_RUN,,
40,12,22,ENERGY,MAX,1,495.889901079,4.24980521515,0.0406722255985,495.889901079,10,0.042505,0.192704,0.235269,NOT_RUN,,
40,12,23,COST,SEQ,1,3.08737415674,3.08737415674,0.0223003151432,680.708604762,10,0.022345,1.186804,1.209251,NOT_RUN,,
40,12,23,COST,MIN,1,2.82361089312,2.82361089312,0.0254258509798,663.512988075,10,0.045126,0.52106,0.566262,NOT_RUN,,
40,12,23,COST,MAX,1,2.89828048741,2.89828048741,0.0231129624853,678.447090944,10,0.051681,1.945955,1.997698,NOT_RUN,,
40,12,23,RELIABILITY,SEQ,1,0.019337441677,4.33606128023,0.019337441677,583.702461534,10,0.01333,0.058451,0.071851,NOT_RUN,,
40,12,23,RELIABILITY,MIN,1,0.0211188886286,4.20481404218,0.0211188886286,585.842847535,10,0.09016,0.061784,0.152001,NOT_RUN,,
40,12,23,RELIABILITY,MAX,1,0.0190741108638,4.19375499621,0.0190741108638,590.017201908,10,0.087942,0.05629,0.144286,NOT_RUN,,
40,12,23,ENERGY,SEQ,1,562.925477816,3.92209611907,0.024103367305,562.925477816,10,0.015568,0.153903,0.169527,NOT_RUN,,
40,12,23,ENERGY,MIN,1,560.555181622,4.23923204645,0.023791617227,560.555181622,10,0.039759,0.468801,0.508627,NOT_RUN,,
40,12,23,ENERGY,MAX,1,559.450681533,4.1802891662,0.0261116720222,559.450681533,10,0.044874,0.047018,0.091967,NOT_RUN,,
40,12,24,COST,SEQ,1,3.01633062306,3.01633062306,0.0313401151172,691.399064167,10,0.014224,1.091519,1.105837,NOT_RUN,,
40,12,24,COST,MIN,1,2.66831154043,2.66831154043,0.0330049940801,689.218192671,10,0.038661,0.393133,0.431869,NOT_RUN,,
40,12,24,COST,MAX,1,2.8893211412,2.8893211412,0.0341080534984,685.633434697,10,0.046673,1.346961,1.393708,NOT_RUN,,
40,12,24,RELIABILITY,SEQ,1,0.0216301820488,4.06835468634,0.0216301820488,720.577245988,10,0.013137,0.047465,0.060664,NOT_RUN,,
40,12,24,RELIABILITY,MIN,1,0.0238997584192,4.06187426207,0.0238997584192,721.934337976,10,0.083039,0.059674,0.142777,NOT_RUN,,
40,12,24,RELIABILITY,MAX,1,0.0228975238247,4.00487431264,0.0228975238247,720.993383864,10,0.089071,0.041057,0.130201,NOT_RUN,,
40,12,24,ENERGY,SEQ,1,670.910980629,3.75120434841,0.0281107670936,670.910980629,10,0.011327,0.153931,0.165328,NOT_RUN,,
40,12,24,ENERGY,MIN,1,686.6407508,4.21590714597,0.0324819421088,686.6407508,10,0.042806,0.589116,0.632001,NOT_RUN,,
40,12,24,ENERGY,MAX,1,669.546428945,3.70557782355,0.0305914253335,669.546428945,10,0.050186,0.151972,0.202222,NOT_RUN,,
40,12,25,COST,SEQ,1,2.64764119758,2.64764119758,0.0212468600126,629.829887844,10,0.013416,2.929781,2.943309,NOT_RUN,,
40,12,25,COST,MIN,1,2.6336430938,2.6336430938,0.0285222984714,670.296889362,10,0.046588,1.080206,1.126886,NOT_RUN,,
40,12,25,COST,MAX,1,3.71433283504,3.71433283504,0.0229507027296,632.466425894,9,0.052317,0.050719,0.103112,NOT_RUN,,
40,12,25,RELIABILITY,SEQ,1,0.0159615185942,4.04351527879,0.0159615185942,621.16639195,10,0.013618,0.067902,0.08159,NOT_RUN,,
40,12,25,RELIABILITY,MIN,1,0.0170995785251,4.17076344551,0.0170995785251,633.186620025,10,0.091234,0.06862,0.15991,NOT_RUN,,
40,12,25,RELIABILITY,MAX,1,0.014931398644,3.97588051048,0.014931398644,623.066227503,10,0.096617,0.046951,0.143647,NOT_RUN,,
40,12,25,ENERGY,SEQ,1,556.535266672,3.91368006371,0.02043930101,556.535266672,9,0.012937,0.564668,0.577687,NOT_RUN,,
40,12,25,ENERGY,MIN,1,573.72430752,4.1741062971,0.0208318862397,573.72430752,10,0.047385,0.383095,0.430561,NOT_RUN,,
40,12,25,ENERGY,MAX,1,556.535266672,4.01205002814,0.0237763012426,556.535266672,9,0.041802,0.235603,0.27747,NOT_RUN,,
40,12,26,COST,SEQ,1,2.91521094285,2.91521094285,0.036542613683,585.516160759,10,0.01384,1.048867,1.062798,NOT_RUN,,
40,12,26,COST,MIN,1,2.73350886675,2.73350886675,0.0398785425246,583.009653899,10,0.044457,0.636699,0.681221,NOT_RUN,,
40,12,26,COST,MAX,1,3.29835509518,3.29835509518,0.0401471992361,574.8690705,10,0.049074,0.980068,1.029217,NOT_RUN,,
40,12,26,RELIABILITY,SEQ,1,0.0293351269953,4.09058221508,0.0293351269953,560.606948277,11,0.013757,0.059247,0.073066,NOT_RUN,,
40,12,26,RELIABILITY,MIN,1,0.032046887128,4.47554152673,0.032046887128,555.478106037,11,0.084494,0.066088,0.150634,NOT_RUN,,
40,12,26,RELIABILITY,MAX,1,0.0285753692543,4.64838748451,0.0285753692543,578.653017086,12,0.084812,0.060218,0.145093,NOT_RUN,,
40,12,26,ENERGY,SEQ,1,524.552885393,3.98539796553,0.036365103698,524.552885393,10,0.012401,0.110291,0.122775,NOT_RUN,,
40,12,26,ENERGY,MIN,1,519.814323313,4.17501887622,0.0352095721637,519.814323313,10,0.041713,0.56514,0.606924,NOT_RUN,,
40,12,26,ENERGY,MAX,1,529.440738774,4.09585268813,0.0325898794165,529.440738774,10,0.044562,0.09012,0.134735,NOT_RUN,,
40,12,27,COST,SEQ,1,3.15039223529,3.15039223529,0.0483735800887,731.827647162,10,0.013419,0.988248,1.001759,NOT_RUN,,
40,12,27,COST,MIN,1,2.82601197014,2.82601197014,0.0459092033747,738.766219838,10,0.049566,0.500788,0.550428,NOT_RUN,,
40,12,27,COST,MAX,1,3.71381442636,3.71381442636,0.0480720046819,737.589397359,10,0.043905,0.528487,0.572459,NOT_RUN,,
40,12,27,RELIABILITY,SEQ,1,0.0385317134449,4.06042055783,0.0385317134449,723.827309854,11,0.012524,0.050383,0.062968,NOT_RUN,,
40,12,27,RELIABILITY,MIN,1,0.0392071607114,4.25065942857,0.0392071607114,693.184815559,10,0.085211,0.05474,0.140008,NOT_RUN,,
40,12,27,RELIABILITY,MAX,1,0.0384210673951,4.00212846098,0.0384210673951,693.819400531,10,0.083946,0.04337,0.127366,NOT_RUN,,
40,12,27,ENERGY,SEQ,1,664.612618218,4.06120578394,0.0509674727467,664.612618218,10,0.012402,0.153065,0.165519,NOT_RUN,,
40,12,27,ENERGY,MIN,1,663.116816121,4.22236172781,0.0519526754501,663.116816121,10,0.04472,0.258561,0.303336,NOT_RUN,,
40,12,27,ENERGY,MAX,1,666.952220727,4.2050712266,0.0477884691301,666.952220727,10,0.052649,0.154536,0.207261,NOT_RUN,,
40,12,28,COST,SEQ,1,3.47967748502,3.47967748502,0.0474964890382,580.272711289,10,0.01383,0.634286,0.64821,NOT_RUN,,
40,12,28,COST,MIN,1,2.98917853451,2.98917853451,0.0474795420051,588.232680387,10,0.042801,0.247067,0.289929,NOT_RUN,,
40,12,28,COST,MAX,1,3.43976959997,3.43976959997,0.0436607211046,581.515730172,10,0.049488,1.058505,1.108058,NOT_RUN,,
40,12,28,RELIABILITY,SEQ,1,0.0327842958625,4.64582339674,0.0327842958625,598.536447021,10,0.013851,0.049794,0.063721,NOT_RUN,,
40,12,28,RELIABILITY,MIN,1,0.0332644799631,4.71764057818,0.0332644799631,613.11404427,11,0.083387,0.065755,0.149199,NOT_RUN,,
40,12,28,RELIABILITY,MAX,1,0.034085102907,4.36194757437,0.034085102907,604.847866221,10,0.085425,0.045519,0.130999,NOT_RUN,,
40,12,28,ENERGY,SEQ,1,529.119898461,4.37045844442,0.0453292325631,529.119898461,10,0.01267,0.117889,0.130619,NOT_RUN,,
40,12,28,ENERGY,MIN,1,527.589759012,4.38570224879,0.0502035878798,527.589759012,10,0.047278,0.617481,0.664817,NOT_RUN,,
40,12,28,ENERGY,MAX,1,525.454923928,4.45000223175,0.0452180832297,525.454923928,10,0.052039,0.265401,0.31751,NOT_RUN,,
40,12,29,COST,SEQ,1,3.46177302784,3.46177302784,0.0440875195355,640.109563138,10,0.028492,0.902807,0.93139,NOT_RUN,,
40,12,29,COST,MIN,1,3.16196372101,3.16196372101,0.0435719672591,644.755147678,10,0.044051,0.814532,0.859319,NOT_RUN,,
40,12,29,COST,MAX,1,3.30061474062,3.30061474062,0.0425203954596,646.96267967,10,0.049198,2.175475,2.224763,NOT_RUN,,
40,12,29,RELIABILITY,SEQ,1,0.0308352680844,4.34673659379,0.0308352680844,628.640317531,10,0.016125,0.051609,0.067809,NOT_RUN,,
40,12,29,RELIABILITY,MIN,1,0.0307342773514,4.43854701349,0.0307342773514,631.416133189,10,0.08555,0.049021,0.134627,NOT_RUN,,
40,12,29,RELIABILITY,MAX,1,0.0296114515145,5.16871382239,0.0296114515145,658.089883006,11,0.084945,0.041091,0.12609,NOT_RUN,,
40,12,29,ENERGY,SEQ,1,583.434776109,4.77521791301,0.0396542620433,583.434776109,10,0.011881,0.052171,0.064103,NOT_RUN,,
40,12,29,ENERGY,MIN,1,603.210561411,4.39604365605,0.0424881827354,603.210561411,10,0.04251,0.53479,0.577352,NOT_RUN,,
40,12,29,ENERGY,MAX,1,582.274384336,4.69341574386,0.0417518945794,582.274384336,10,0.047775,0.046312,0.094146,NOT_RUN,,
40,12,30,COST,SEQ,1,3.17598913624,3.17598913624,0.0366589551477,688.445270998,10,0.024613,1.146203,1.170912,NOT_RUN,,
40,12,30,COST,MIN,1,2.98432726438,2.98432726438,0.0346612294395,691.455958831,10,0.045533,0.369894,0.415504,NOT_RUN,,
40,12,30,COST,MAX,1,3.14967312793,3.14967312793,0.0368976616408,684.707830266,10,0.050779,1.465621,1.516469,NOT_RUN,,
40,12,30,RELIABILITY,SEQ,1,0.027550739825,4.69604378212,0.027550739825,620.692183079,10,0.01344,0.048128,0.061642,NOT_RUN,,
40,12,30,RELIABILITY,MIN,1,0.0287981323433,4.50361000761,0.0287981323433,614.501221712,10,0.083537,0.046193,0.129793,NOT_RUN,,
40,12,30,RELIABILITY,MAX,1,0.0257754521151,4.47334725479,0.0257754521151,625.694702843,10,0.080798,0.042004,0.122854,NOT_RUN,,
40,12,30,ENERGY,SEQ,1,597.731041247,4.53389165679,0.0315622648298,597.731041247,10,0.012588,0.050085,0.062726,NOT_RUN,,
40,12,30,ENERGY,MIN,1,603.652569661,4.42665448352,0.0302153316776,603.652569661,10,0.041574,0.488713,0.530337,NOT_RUN,,
40,12,30,ENERGY,MAX,1,632.889424564,4.3112379318,0.0308651446471,632.889424564,10,0.042072,0.143323,0.185459,NOT_RUN,,
80,20,1,COST,SEQ,1,5.28349244315,5.28349244315,0.0678664234134,1002.54296258,16,0.059332,12.155863,12.215293,NOT_RUN,,
80,20,1,COST,MIN,1,4.67570192083,4.67570192083,0.064682110577,1004.10644128,16,0.174049,4.17596,4.350138,NOT_RUN,,
80,20,1,COST,MAX,1,4.88937813558,4.88937813558,0.0772984059809,1015.1841985,16,0.205704,20.606601,20.812505,NOT_RUN,,
80,20,1,RELIABILITY,SEQ,1,0.0470396194272,7.51909634297,0.0470396194272,1021.17197435,16,0.044519,0.314084,0.358683,NOT_RUN,,
80,20,1,RELIABILITY,MIN,1,0.0510741435515,7.99874413864,0.0510741435515,1030.21573388,17,0.524044,0.340258,0.864468,NOT_RUN,,
80,20,1,RELIABILITY,MAX,1,0.0455386917004,7.48433081047,0.0455386917004,1029.61213059,17,0.500288,0.40686,0.907341,NOT_RUN,,
80,20,1,ENERGY,SEQ,1,919.615972525,8.00349039091,0.061036157104,919.615972525,16,0.039758,1.189769,1.2296,NOT_RUN,,
80,20,1,ENERGY,MIN,1,936.812067076,7.41841257677,0.072043853358,936.812067076,16,0.219787,7.353069,7.572923,NOT_RUN,,
80,20,1,ENERGY,MAX,1,914.292565341,7.77001283494,0.0728970257627,914.292565341,16,0.195106,0.815213,1.010404,NOT_RUN,,
80,20,2,COST,SEQ,1,4.67101548609,4.67101548609,0.0677177477629,1181.35853978,16,0.04002,17.900212,17.94041,NOT_RUN,,
80,20,2,COST,MIN,1,4.11689433323,4.11689433323,0.0697277627227,1142.07466196,16,0.208191,1.892525,2.100811,NOT_RUN,,
80,20,2,COST,MAX,1,6.14366221291,6.14366221291,0.0686488095455,1133.63446832,16,0.223597,12.166918,12.390608,NOT_RUN,,
80,20,2,RELIABILITY,SEQ,1,0.0467313292429,7.30650941109,0.0467313292429,1137.43457105,16,0.053274,0.292595,0.345958,NOT_RUN,,
80,20,2,RELIABILITY,MIN,1,0.0498378676514,7.48261797923,0.0498378676514,1162.16832983,17,0.540341,0.404145,0.944574,NOT_RUN,,
80,20,2,RELIABILITY,MAX,1,0.0474095810936,7.98395381886,0.0474095810936,1180.45620287,19,0.496305,0.267936,0.764309,NOT_RUN,,
80,20,2,ENERGY,SEQ,1,1031.77345425,7.07827170822,0.077273465621,1031.77345425,16,0.034799,1.229397,1.264356,NOT_RUN,,
80,20,2,ENERGY,MIN,1,1039.7845621,6.94108791998,0.0755129589636,1039.7845621,16,0.227692,4.42291,4.650695,NOT_RUN,,
80,20,2,ENERGY,MAX,1,1031.76265318,6.90344443937,0.0740610718561,1031.76265318,16,0.200756,0.552444,0.753292,NOT_RUN,,
80,20,3,COST,SEQ,1,4.28520396475,4.28520396475,0.0640046829768,1038.03541187,16,0.039686,12.289097,12.32889,NOT_RUN,,
80,20,3,COST,MIN,1,3.69672675885,3.69672675885,0.0692662942534,1031.33491823,16,0.208496,3.480759,3.689346,NOT_RUN,,
80,20,3,COST,MAX,1,3.85737676117,3.85737676117,0.0660713227444,1051.40183743,16,0.198095,25.276931,25.475205,NOT_RUN,,
80,20,3,RELIABILITY,SEQ,1,0.0430243259278,6.85093967429,0.0430243259278,1005.3401492,16,0.040585,0.306717,0.347378,NOT_RUN,,
80,20,3,RELIABILITY,MIN,1,0.046342093746,6.94579655332,0.046342093746,1044.90819575,17,0.475853,0.385701,0.86162,NOT_RUN,,
80,20,3,RELIABILITY,MAX,1,0.0436860482668,6.59101046843,0.0436860482668,1004.26703283,16,0.515758,0.262529,0.778359,NOT_RUN,,
80,20,3,ENERGY,SEQ,1,952.147004701,6.78097465388,0.0587548670223,952.147004701,16,0.034557,1.55674,1.59137,NOT_RUN,,
80,20,3,ENERGY,MIN,1,941.470763034,6.87786173753,0.0598348140122,941.470763034,16,0.197906,6.198225,6.396217,NOT_RUN,,
80,20,3,ENERGY,MAX,1,989.172666524,6.44837582928,0.0612722077536,989.172666524,16,0.19696,1.349821,1.546866,NOT_RUN,,
80,20,4,COST,SEQ,1,5.17108480304,5.17108480304,0.0585018830261,1101.38025175,16,0.040409,14.686034,14.726618,NOT_RUN,,
80,20,4,COST,MIN,1,4.58713772766,4.58713772766,0.0609728832761,1133.44160025,16,0.181049,1.884873,2.066014,NOT_RUN,,
80,20,4,COST,MAX,1,5.45099766805,5.45099766805,0.056507800275,1099.03069591,16,0.298554,17.42086,17.719574,NOT_RUN,,
80,20,4,RELIABILITY,SEQ,1,0.0424071105413,7.66083648338,0.0424071105413,1095.15985006,16,0.044483,0.255368,0.299914,NOT_RUN,,
80,20,4,RELIABILITY,MIN,1,0.0440291562882,7.56305064342,0.0440291562882,1127.08820287,17,0.467037,0.31876,0.785869,NOT_RUN,,
80,20,4,RELIABILITY,MAX,1,0.0411076168994,7.98003643041,0.0411076168994,1160.2753161,18,0.460809,0.250388,0.71127,NOT_RUN,,
80,20,4,ENERGY,SEQ,1,1036.26144078,7.51366733046,0.0528036352195,1036.26144078,16,0.033052,1.724491,1.757614,NOT_RUN,,
80,20,4,ENERGY,MIN,1,1012.45154487,7.13431974644,0.056087893554,1012.45154487,16,0.238498,4.901372,5.13996,NOT_RUN,,
80,20,4,ENERGY,MAX,1,1045.20007216,7.50435407163,0.0583226588021,1045.20007216,16,0.190281,0.728081,0.918438,NOT_RUN,,
80,20,5,COST,SEQ,1,4.4389941418,4.4389941418,0.0413887114389,1010.63119035,16,0.038964,22.340091,22.379251,NOT_RUN,,
80,20,5,COST,MIN,1,4.47702728351,4.47702728351,0.0394956726024,1021.6282694,16,0.193977,2.807243,3.001314,NOT_RUN,,
80,20,5,COST,MAX,1,5.39234102583,5.39234102583,0.0422331157113,1013.494021,16,0.265747,20.553269,20.819273,NOT_RUN,,
80,20,5,RELIABILITY,SEQ,1,0.0288690280713,8.17062102094,0.0288690280713,1059.88440424,18,0.040771,0.294593,0.335432,NOT_RUN,,
80,20,5,RELIABILITY,MIN,1,0.0302009848538,7.88298301898,0.0302009848538,1034.60057265,17,0.466856,0.295216,0.762142,NOT_RUN,,
80,20,5,RELIABILITY,MAX,1,0.0323855969524,7.89039908206,0.0323855969524,1082.14924594,19,0.426513,0.291095,0.717669,NOT_RUN,,
80,20,5,ENERGY,SEQ,1,937.887524631,7.14567493002,0.0414105043486,937.887524631,16,0.032055,1.953508,1.985693,NOT_RUN,,
80,20,5,ENERGY,MIN,1,966.427932023,7.78889153238,0.0352435123952,966.427932023,17,0.329623,4.067801,4.397544,NOT_RUN,,
80,20,5,ENERGY,MAX,1,962.837258256,7.31104284059,0.0431456251783,962.837258256,16,0.297105,2.475902,2.773121,NOT_RUN,,
80,20,6,COST,SEQ,1,5.26606557612,5.26606557612,0.0542579832054,943.910993252,16,0.059564,1.693675,1.753363,NOT_RUN,,
80,20,6,COST,MIN,1,3.93983450928,3.93983450928,0.0531996240839,998.339324994,17,0.291781,8.208936,8.500904,NOT_RUN,,
80,20,6,COST,MAX,1,6.68168759192,6.68168759192,0.0510972673549,945.507995601,16,0.226176,3.332838,3.559105,NOT_RUN,,
80,20,6,RELIABILITY,SEQ,1,0.0408206360714,6.85538998123,0.0408206360714,1030.03557723,17,0.045451,0.291866,0.337391,NOT_RUN,,
80,20,6,RELIABILITY,MIN,1,0.0435775733059,7.54342272432,0.0435775733059,1078.19385801,19,0.5294,0.416976,0.946447,NOT_RUN,,
80,20,6,RELIABILITY,MAX,1,0.0386186123296,7.18036260208,0.0386186123296,1060.07390402,18,0.551953,0.267644,0.819689,NOT_RUN,,
80,20,6,ENERGY,SEQ,1,960.09620865,6.64097172601,0.0466740482089,960.09620865,16,0.037405,0.548535,0.586026,NOT_RUN,,
80,20,6,ENERGY,MIN,1,960.354095127,7.14883116155,0.0506883818024,960.354095127,17,0.265537,5.02943,5.295136,NOT_RUN,,
80,20,6,ENERGY,MAX,1,959.410464372,6.81695920872,0.0460886823012,959.410464372,16,0.199114,0.236292,0.435478,NOT_RUN,,
80,20,7,COST,SEQ,1,4.74812957177,4.74812957177,0.061259318395,1095.33054625,16,0.041152,15.028715,15.06998,NOT_RUN,,
80,20,7,COST,MIN,1,4.36854815515,4.36854815515,0.0635988733097,1090.62579554,16,0.216769,5.448675,5.665533,NOT_RUN,,
80,20,7,COST,MAX,1,4.23057738532,4.23057738532,0.0583124105354,1110.82188941,16,0.235762,34.502797,34.738727,NOT_RUN,,
80,20,7,RELIABILITY,SEQ,1,0.0395276205099,7.69664793781,0.0395276205099,1100.11250129,16,0.045619,0.339399,0.385112,NOT_RUN,,
80,20,7,RELIABILITY,MIN,1,0.0416240150349,7.64967897467,0.0416240150349,1128.95892097,17,0.546399,0.406475,0.952961,NOT_RUN,,
80,20,7,RELIABILITY,MAX,1,0.0408359126019,7.78134060207,0.0408359126019,1131.63830267,17,0.494583,0.322982,0.817641,NOT_RUN,,
80,20,7,ENERGY,SEQ,1,1025.1296216,7.21580994117,0.0592469428836,1025.1296216,16,0.037254,0.965403,1.002729,NOT_RUN,,
80,20,7,ENERGY,MIN,1,1023.66642677,7.116028164,0.0572681086377,1023.66642677,16,0.216259,4.261482,4.47784,NOT_RUN,,
80,20,7,ENERGY,MAX,1,1038.59007823,7.30185856693,0.0548169209208,1038.59007823,16,0.21147,1.465695,1.677262,NOT_RUN,,
80,20,8,COST,SEQ,1,5.58197108572,5.58197108572,0.0652062995775,1030.82326531,16,0.04216,6.077671,6.119923,NOT_RUN,,
80,20,8,COST,MIN,1,4.53100466886,4.53100466886,0.0642848102485,1022.40236481,16,0.187505,1.958585,2.146175,NOT_RUN,,
80,20,8,COST,MAX,1,6.01917542858,6.01917542858,0.0545602545,1022.74574121,16,0.207193,10.448623,10.655899,NOT_RUN,,
80,20,8,RELIABILITY,SEQ,1,0.0458030845476,7.24310018051,0.0458030845476,1056.20339107,16,0.038597,0.26147,0.300154,NOT_RUN,,
80,20,8,RELIABILITY,MIN,1,0.0505105033279,7.07212134888,0.0505105033279,1064.42984837,17,0.458633,0.278413,0.737118,NOT_RUN,,
80,20,8,RELIABILITY,MAX,1,0.0469791227121,7.23369314522,0.0469791227121,1070.92621083,17,0.455667,0.257134,0.712869,NOT_RUN,,
80,20,8,ENERGY,SEQ,1,962.866773269,6.99293671742,0.0657261340103,962.866773269,16,0.033393,1.39907,1.432546,NOT_RUN,,
80,20,8,ENERGY,MIN,1,976.23057274,6.80936100864,0.0625925050965,976.23057274,16,0.200754,5.448794,5.649698,NOT_RUN,,
80,20,8,ENERGY,MAX,1,987.605031023,7.12110720842,0.0648160484235,987.605031023,16,0.19889,1.65889,1.857853,NOT_RUN,,
80,20,9,COST,SEQ,1,4.64885900427,4.64885900427,0.0642161829785,974.219588731,16,0.042577,22.135254,22.178006,NOT_RUN,,
80,20,9,COST,MIN,1,4.45296299124,4.45296299124,0.0762372830531,981.925793923,16,0.190548,9.811984,10.002673,NOT_RUN,,
80,20,9,COST,MAX,1,4.763747256,4.763747256,0.0665770344626,975.006023849,16,0.210351,21.418017,21.628541,NOT_RUN,,
80,20,9,RELIABILITY,SEQ,1,0.046294725179,7.82563533563,0.046294725179,924.009838511,16,0.043006,0.307696,0.350768,NOT_RUN,,
80,20,9,RELIABILITY,MIN,1,0.0458335077312,7.34355355894,0.0458335077312,934.029324153,16,0.556152,0.344379,0.900607,NOT_RUN,,
80,20,9,RELIABILITY,MAX,1,0.0468489882892,8.19990507362,0.0468489882892,939.955910339,17,0.653252,0.316234,0.96957,NOT_RUN,,
80,20,9,ENERGY,SEQ,1,838.188437156,7.90973683271,0.0705964402087,838.188437156,16,0.033234,0.890416,0.92372,NOT_RUN,,
80,20,9,ENERGY,MIN,1,826.093649199,7.94039005238,0.0701970322723,826.093649199,16,0.196966,6.260834,6.457867,NOT_RUN,,
80,20,9,ENERGY,MAX,1,885.317798751,7.42929555196,0.0668444393865,885.317798751,16,0.185567,1.348253,1.533891,NOT_RUN,,
80,20,10,COST,SEQ,1,6.13693193769,6.13693193769,0.0471662831455,925.65718352,16,0.039924,8.012521,8.052533,NOT_RUN,,
80,20,10,COST,MIN,1,4.6874169656,4.6874169656,0.0473991672032,931.088752536,16,0.190769,2.231016,2.421871,NOT_RUN,,
80,20,10,COST,MAX,1,6.20448201257,6.20448201257,0.0501321385524,926.79209197,16,0.227947,12.604163,12.832267,NOT_RUN,,
80,20,10,RELIABILITY,SEQ,1,0.0410012784803,7.94463996456,0.0410012784803,974.047043916,17,0.041422,0.267007,0.308494,NOT_RUN,,
80,20,10,RELIABILITY,MIN,1,0.0414124306597,8.03498028481,0.0414124306597,968.953843664,17,0.456362,0.300473,0.756887,NOT_RUN,,
80,20,10,RELIABILITY,MAX,1,0.0382064665467,7.69628265904,0.0382064665467,989.656001928,18,0.448918,0.268179,0.71716,NOT_RUN,,
80,20,10,ENERGY,SEQ,1,851.630420444,7.94865812128,0.0534363210934,851.630420444,16,0.031672,0.534724,0.566463,NOT_RUN,,
80,20,10,ENERGY,MIN,1,847.948146407,7.68182337374,0.0552493690338,847.948146407,16,0.216843,5.425677,5.642587,NOT_RUN,,
80,20,10,ENERGY,MAX,1,867.034523819,7.55124617288,0.0533247128919,867.034523819,16,0.182937,0.26958,0.452592,NOT_RUN,,
80,20,11,COST,SEQ,1,5.48206010561,5.48206010561,0.0866293068403,942.325339512,16,0.041451,7.018276,7.059827,NOT_RUN,,
80,20,11,COST,MIN,1,4.42497647717,4.42497647717,0.0841722218699,938.777792274,16,0.189469,4.298308,4.487863,NOT_RUN,,
80,20,11,COST,MAX,1,5.01022891285,5.01022891285,0.0903818950089,906.360359184,16,0.218256,26.517844,26.736256,NOT_RUN,,
80,20,11,RELIABILITY,SEQ,1,0.0599647771189,7.56930588461,0.0599647771189,928.772011374,16,0.074442,0.556731,0.631433,NOT_RUN,,
80,20,11,RELIABILITY,MIN,1,0.0662812134463,7.8943773518,0.0662812134463,950.536265685,17,0.906578,0.874587,1.781302,NOT_RUN,,
80,20,11,RELIABILITY,MAX,1,0.0618920519801,7.39183819598,0.0618920519801,928.142448745,16,0.821375,0.465303,1.286808,NOT_RUN,,
80,20,11,ENERGY,SEQ,1,828.854537275,7.27563995277,0.0881257721646,828.854537275,16,0.053536,1.157404,1.211091,NOT_RUN,,
80,20,11,ENERGY,MIN,1,823.29815782,7.45786693146,0.09171271199,823.29815782,16,0.371216,2.104425,2.475743,NOT_RUN,,
80,20,11,ENERGY,MAX,1,843.497958519,7.40665533307,0.0870633354895,843.497958519,16,0.219086,1.452042,1.671219,NOT_RUN,,
80,20,12,COST,SEQ,1,5.22595186639,5.22595186639,0.0634886007545,914.903159276,16,0.041037,9.32342,9.364657,NOT_RUN,,
80,20,12,COST,MIN,1,4.09120136355,4.09120136355,0.0610846249322,913.461294172,16,0.223512,4.081302,4.304998,NOT_RUN,,
80,20,12,COST,MAX,1,6.04372765912,6.04372765912,0.0604311160828,891.91569508,16,0.352002,9.970563,10.322738,NOT_RUN,,
80,20,12,RELIABILITY,SEQ,1,0.0510636454516,7.18367973046,0.0510636454516,965.713503489,18,0.047622,0.342618,0.390309,NOT_RUN,,
80,20,12,RELIABILITY,MIN,1,0.0554185051666,7.16805902355,0.0554185051666,952.876526294,17,0.57896,0.358443,0.937487,NOT_RUN,,
80,20,12,RELIABILITY,MAX,1,0.0516702450592,7.74131750655,0.0516702450592,996.347074203,19,0.551083,0.272297,0.823454,NOT_RUN,,
80,20,12,ENERGY,SEQ,1,807.883365644,6.7310299709,0.0752562466647,807.883365644,16,0.040712,4.126089,4.166941,NOT_RUN,,
80,20,12,ENERGY,MIN,1,818.504545118,6.97634370371,0.0723442767524,818.504545118,16,0.233348,7.175142,7.408688,NOT_RUN,,
80,20,12,ENERGY,MAX,1,852.320811738,6.5795054774,0.0662820394729,852.320811738,16,0.327828,0.415105,0.743064,NOT_RUN,,
80,20,13,COST,SEQ,1,4.41628507019,4.41628507019,0.0653560230263,1057.34665062,17,0.059625,37.552674,37.612494,NOT_RUN,,
80,20,13,COST,MIN,1,4.22139647217,4.22139647217,0.0662297194955,1028.16286108,16,0.202687,1.653076,1.855859,NOT_RUN,,
80,20,13,COST,MAX,1,5.99064892791,5.99064892791,0.0644317046008,1030.01449601,16,0.216643,12.675802,12.89255,NOT_RUN,,
80,20,13,RELIABILITY,SEQ,1,0.0432315992024,7.61630118146,0.0432315992024,985.494803487,17,0.047296,0.32508,0.372454,NOT_RUN,,
80,20,13,RELIABILITY,MIN,1,0.0447497963367,7.40121390192,0.0447497963367,1005.9526826,17,0.567098,0.367472,0.934657,NOT_RUN,,
80,20,13,RELIABILITY,MAX,1,0.0446565270817,7.63098744072,0.0446565270817,1008.26271305,17,0.460891,0.329113,0.790074,NOT_RUN,,
80,20,13,ENERGY,SEQ,1,941.672203696,6.98100743956,0.0571154394646,941.672203696,16,0.040273,1.622177,1.662521,NOT_RUN,,
80,20,13,ENERGY,MIN,1,930.252991422,7.06146911595,0.0498023155298,930.252991422,16,0.355843,5.850965,6.207074,NOT_RUN,,
80,20,13,ENERGY,MAX,1,969.157207155,7.18608681262,0.0517528723493,969.157207155,16,0.213488,0.944611,1.15818,NOT_RUN,,
80,20,14,COST,SEQ,1,4.07651647019,4.07651647019,0.0620722581373,1099.71104585,16,0.041057,23.663366,23.7046,NOT_RUN,,
80,20,14,COST,MIN,1,3.94618059958,3.94618059958,0.0639878990161,1087.94333225,16,0.20076,5.902381,6.103246,NOT_RUN,,
80,20,14,COST,MAX,1,4.30675832103,4.30675832103,0.0684858791746,1085.7559796,16,0.353477,31.882905,32.236592,NOT_RUN,,
80,20,14,RELIABILITY,SEQ,1,0.0391042770505,7.29213858319,0.0391042770505,1052.95199167,17,0.050677,0.285996,0.336751,NOT_RUN,,
80,20,14,RELIABILITY,MIN,1,0.0429586838453,7.33452830911,0.0429586838453,1059.49078469,17,0.513632,0.419806,0.933507,NOT_RUN,,
80,20,14,RELIABILITY,MAX,1,0.0382626005925,7.51100225439,0.0382626005925,1057.30920561,18,0.478165,0.276743,0.754989,NOT_RUN,,
80,20,14,ENERGY,SEQ,1,949.216433127,7.6005591858,0.0545603629195,949.216433127,16,0.036164,1.230658,1.266897,NOT_RUN,,
80,20,14,ENERGY,MIN,1,979.279439403,7.25540797858,0.0571500156671,979.279439403,17,0.215276,6.945786,7.161261,NOT_RUN,,
80,20,14,ENERGY,MAX,1,1015.42487829,6.79347910078,0.0724289865132,1015.42487829,16,0.351219,0.816867,1.168206,NOT_RUN,,
80,20,15,COST,SEQ,1,4.22715177201,4.22715177201,0.050209742459,845.25396542,16,0.042329,14.765334,14.807833,NOT_RUN,,
80,20,15,COST,MIN,1,3.89467842957,3.89467842957,0.0507547412302,843.099918519,16,0.202204,5.528613,5.730916,NOT_RUN,,
80,20,15,COST,MAX,1,4.04417259977,4.04417259977,0.0487751734199,850.391407557,16,0.220196,23.100658,23.321011,NOT_RUN,,
80,20,15,RELIABILITY,SEQ,1,0.0343428199483,7.36419174772,0.0343428199483,929.057699004,17,0.067322,0.322857,0.390376,NOT_RUN,,
80,20,15,RELIABILITY,MIN,1,0.0393041314942,7.28843062702,0.0393041314942,946.985248171,18,0.448809,0.336294,0.785173,NOT_RUN,,
80,20,15,RELIABILITY,MAX,1,0.0355953445163,7.37158110787,0.0355953445163,931.279940114,17,0.464334,0.25918,0.723589,NOT_RUN,,
80,20,15,ENERGY,SEQ,1,848.605264712,6.53719274796,0.0517724072499,848.605264712,16,0.036673,1.651733,1.68847,NOT_RUN,,
80,20,15,ENERGY,MIN,1,830.585447542,6.3595132273,0.0501944281768,830.585447542,16,0.188262,5.846752,6.035104,NOT_RUN,,
80,20,15,ENERGY,MAX,1,870.195298632,6.97876032085,0.0458035739471,870.195298632,16,0.190763,0.840411,1.031257,NOT_RUN,,
80,20,16,COST,SEQ,1,4.8323324278,4.8323324278,0.0527929994319,1193.13811904,16,0.040364,12.224746,12.265277,NOT_RUN,,
80,20,16,COST,MIN,1,3.92043964262,3.92043964262,0.0570877876832,1169.98660988,16,0.188271,4.704943,4.893301,NOT_RUN,,
80,20,16,COST,MAX,1,4.15525534223,4.15525534223,0.0572392372323,1171.22499644,16,0.209714,23.448018,23.657892,NOT_RUN,,
80,20,16,RELIABILITY,SEQ,1,0.0387876260048,6.71374244597,0.0387876260048,1205.30915206,16,0.050348,0.298314,0.348745,NOT_RUN,,
80,20,16,RELIABILITY,MIN,1,0.0414423305286,7.41515774981,0.0414423305286,1248.95854777,18,0.531005,0.412243,0.943328,NOT_RUN,,
80,20,16,RELIABILITY,MAX,1,0.0399146706013,6.96472421426,0.0399146706013,1204.4722124,16,0.505826,0.28581,0.791707,NOT_RUN,,
80,20,16,ENERGY,SEQ,1,1115.13596276,7.08952277732,0.0586182910351,1115.13596276,16,0.038442,1.569009,1.60752,NOT_RUN,,
80,20,16,ENERGY,MIN,1,1120.35547943,7.20753305233,0.0577066448909,1120.35547943,16,0.244864,7.203,7.448028,NOT_RUN,,
80,20,16,ENERGY,MAX,1,1148.89051422,7.47965045512,0.0574310609379,1148.89051422,16,0.324612,0.50171,0.826454,NOT_RUN,,
80,20,17,COST,SEQ,1,5.39975264992,5.39975264992,0.0649459423749,1095.99638021,16,0.056073,15.950995,16.007269,NOT_RUN,,
80,20,17,COST,MIN,1,5.24300380211,5.24300380211,0.0652359725313,1074.16509639,16,0.19691,2.751993,2.948981,NOT_RUN,,
80,20,17,COST,MAX,1,6.48355359211,6.48355359211,0.0647504896325,1106.71158685,16,0.214159,14.689048,14.903357,NOT_RUN,,
80,20,17,RELIABILITY,SEQ,1,0.0408411348413,8.10790726949,0.0408411348413,1041.54175898,16,0.051305,0.349132,0.400526,NOT_RUN,,
80,20,17,RELIABILITY,MIN,1,0.0427332503255,8.19542646878,0.0427332503255,1073.57893293,17,0.561899,0.38693,0.948908,NOT_RUN,,
80,20,17,RELIABILITY,MAX,1,0.0434210773994,8.02578089972,0.0434210773994,1075.51348881,17,0.547102,0.305925,0.853118,NOT_RUN,,
80,20,17,ENERGY,SEQ,1,965.047615303,7.63047891083,0.0597671011165,965.047615303,16,0.044533,0.840884,0.885508,NOT_RUN,,
80,20,17,ENERGY,MIN,1,972.405315219,7.47924975519,0.0689468537386,972.405315219,16,0.197237,3.224885,3.422189,NOT_RUN,,
80,20,17,ENERGY,MAX,1,972.677706206,7.9435202993,0.059189233901,972.677706206,16,0.187173,1.606233,1.793494,NOT_RUN,,
80,20,18,COST,SEQ,1,4.8553837205,4.8553837205,0.0612987610833,1160.41282017,17,0.040365,23.161005,23.201534,NOT_RUN,,
80,20,18,COST,MIN,1,4.80852969688,4.80852969688,0.0607289475855,1160.99427736,17,0.19564,6.93068,7.126425,NOT_RUN,,
80,20,18,COST,MAX,1,7.84847224759,7.84847224759,0.0615984362734,1107.64830623,16,0.209751,0.205161,0.414974,NOT_RUN,,
80,20,18,RELIABILITY,SEQ,1,0.0493014185618,8.12459090344,0.0493014185618,1178.45528661,18,0.040505,0.307576,0.348151,NOT_RUN,,
80,20,18,RELIABILITY,MIN,1,0.0512042909936,7.646047645,0.0512042909936,1180.02187311,18,0.516634,0.354227,0.870935,NOT_RUN,,
80,20,18,RELIABILITY,MAX,1,0.0476525969659,8.57928720811,0.0476525969659,1215.40734669,19,0.43875,0.237355,0.676163,NOT_RUN,,
80,20,18,ENERGY,SEQ,1,1054.15587677,7.84305716298,0.0611444488217,1054.15587677,17,0.032941,2.42705,2.460056,NOT_RUN,,
80,20,18,ENERGY,MIN,1,1032.15975196,7.90757001412,0.0574443431174,1032.15975196,16,0.230666,9.139025,9.369782,NOT_RUN,,
80,20,18,ENERGY,MAX,1,1077.88699543,7.67870329912,0.0626714468533,1077.88699543,17,0.183823,1.819234,2.003136,NOT_RUN,,
80,20,19,COST,SEQ,1,4.52770761465,4.52770761465,0.0663449259801,1003.10093554,17,0.040807,28.504579,28.545543,NOT_RUN,,
80,20,19,COST,MIN,1,4.34105780956,4.34105780956,0.0560082230175,988.792475109,16,0.197867,7.782266,7.980217,NOT_RUN,,
80,20,19,COST,MAX,1,7.10337641373,7.10337641373,0.0689159730693,1011.84275305,16,0.220297,4.747092,4.967486,NOT_RUN,,
80,20,19,RELIABILITY,SEQ,1,0.0411131615693,7.58470794028,0.0411131615693,1045.35518098,18,0.040814,0.288568,0.329444,NOT_RUN,,
80,20,19,RELIABILITY,MIN,1,0.0442789401644,7.67568701557,0.0442789401644,1046.74922807,18,0.546557,0.399344,0.945985,NOT_RUN,,
80,20,19,RELIABILITY,MAX,1,0.040278158926,7.74249223528,0.040278158926,1046.36097513,18,0.46573,0.322172,0.787978,NOT_RUN,,
80,20,19,ENERGY,SEQ,1,889.107612137,7.436090801,0.07616897216,889.107612137,16,0.039627,1.41064,1.450343,NOT_RUN,,
80,20,19,ENERGY,MIN,1,895.49468826,7.66823736446,0.0665055094605,895.49468826,16,0.208315,5.007227,5.215636,NOT_RUN,,
80,20,19,ENERGY,MAX,1,883.996013443,7.58822033885,0.0742871144229,883.996013443,16,0.197853,0.82564,1.023572,NOT_RUN,,
80,20,20,COST,SEQ,1,4.63862340336,4.63862340336,0.0813033622241,948.608904273,16,0.040591,12.709909,12.750599,NOT_RUN,,
80,20,20,COST,MIN,1,3.98688225717,3.98688225717,0.0882062312103,956.127652218,16,0.184796,6.637238,6.822119,NOT_RUN,,
80,20,20,COST,MAX,1,4.11862022192,4.11862022192,0.0823356264077,951.30662745,16,0.209012,32.746789,32.955966,NOT_RUN,,
80,20,20,RELIABILITY,SEQ,1,0.0566416740337,7.16145265281,0.0566416740337,1043.03147697,17,0.041715,0.299081,0.340867,NOT_RUN,,
80,20,20,RELIABILITY,MIN,1,0.0596501493272,6.84368391827,0.0596501493272,1040.53257133,16,0.520136,0.334661,0.854885,NOT_RUN,,
80,20,20,RELIABILITY,MAX,1,0.0603237252853,7.40203580892,0.0603237252853,1041.25131005,17,0.476489,0.285779,0.762331,NOT_RUN,,
80,20,20,ENERGY,SEQ,1,940.020946046,7.12914705296,0.0831322146886,940.020946046,16,0.035641,1.669762,1.705468,NOT_RUN,,
80,20,20,ENERGY,MIN,1,950.197600769,7.2250595633,0.0920052001502,950.197600769,17,0.211776,3.57152,3.783378,NOT_RUN,,
80,20,20,ENERGY,MAX,1,940.020946046,6.738781531,0.079362990668,940.020946046,16,0.19309,0.800784,0.993958,NOT_RUN,,
80,20,21,COST,SEQ,1,5.69052172961,5.69052172961,0.0595331162073,1061.40908549,16,0.051962,3.24381,3.295867,NOT_RUN,,
80,20,21,COST,MIN,1,4.2397105723,4.2397105723,0.0641407254154,1103.40062035,17,0.188857,5.453756,5.642702,NOT_RUN,,
80,20,21,COST,MAX,1,6.8392301882,6.8392301882,0.0587684327998,1064.19291439,16,0.205245,3.161474,3.366802,NOT_RUN,,
80,20,21,RELIABILITY,SEQ,1,0.0465713168586,7.17490312126,0.0465713168586,1050.94060796,17,0.041703,0.258644,0.300431,NOT_RUN,,
80,20,21,RELIABILITY,MIN,1,0.0491741959255,7.61809477992,0.0491741959255,1038.60296672,17,0.458715,0.303406,0.762193,NOT_RUN,,
80,20,21,RELIABILITY,MAX,1,0.0461323542499,7.9830641892,0.0461323542499,1055.12666236,18,0.439507,0.240248,0.679809,NOT_RUN,,
80,20,21,ENERGY,SEQ,1,909.410479288,7.33873044553,0.064405341158,909.410479288,16,0.03559,2.370169,2.405823,NOT_RUN,,
80,20,21,ENERGY,MIN,1,932.716656543,7.61151585885,0.0623280784407,932.716656543,17,0.200167,6.124749,6.324995,NOT_RUN,,
80,20,21,ENERGY,MAX,1,918.549498624,7.10220350425,0.0677637744271,918.549498624,16,0.209043,0.500785,0.709909,NOT_RUN,,
80,20,22,COST,SEQ,1,4.60445478054,4.60445478054,0.0901130217861,1039.83379932,16,0.04286,8.135756,8.17871,NOT_RUN,,
80,20,22,COST,MIN,1,3.99995058418,3.99995058418,0.088226764369,1041.919061,16,0.186434,1.204903,1.391414,NOT_RUN,,
80,20,22,COST,MAX,1,6.2856433238,6.2856433238,0.0887563335693,1038.01510718,16,0.212353,6.413044,6.62546,NOT_RUN,,
80,20,22,RELIABILITY,SEQ,1,0.0613747097308,6.71722446045,0.0613747097308,999.723839152,16,0.040471,0.27581,0.316351,NOT_RUN,,
80,20,22,RELIABILITY,MIN,1,0.0674329010611,7.49453727313,0.0674329010611,1022.63110303,17,0.524837,0.353303,0.878221,NOT_RUN,,
80,20,22,RELIABILITY,MAX,1,0.0618416779196,6.69085030299,0.0618416779196,1006.49449815,16,0.486527,0.249067,0.735673,NOT_RUN,,
80,20,22,ENERGY,SEQ,1,932.683385836,6.80577297151,0.0847165570893,932.683385836,16,0.033029,0.765562,0.798657,NOT_RUN,,
80,20,22,ENERGY,MIN,1,925.423049304,7.09170061816,0.0841771977582,925.423049304,16,0.20248,5.353464,5.556013,NOT_RUN,,
80,20,22,ENERGY,MAX,1,935.928050638,7.30576194317,0.0898762564911,935.928050638,16,0.188406,0.497137,0.685627,NOT_RUN,,
80,20,23,COST,SEQ,1,5.42163400204,5.42163400204,0.0814366767995,1070.59680867,16,0.040353,3.181525,3.221988,NOT_RUN,,
80,20,23,COST,MIN,1,4.40025249431,4.40025249431,0.0828215356253,1074.79413088,17,0.208213,7.225833,7.434135,NOT_RUN,,
80,20,23,COST,MAX,1,7.66160301063,7.66160301063,0.0841342092868,1086.84314961,16,0.210376,0.435548,0.646013,NOT_RUN,,
80,20,23,RELIABILITY,SEQ,1,0.0594951680991,7.63576033275,0.0594951680991,1125.55353126,17,0.039347,0.279487,0.318914,NOT_RUN,,
80,20,23,RELIABILITY,MIN,1,0.0646887232048,7.85257849043,0.0646887232048,1134.37059297,17,0.458322,0.298985,0.757379,NOT_RUN,,
80,20,23,RELIABILITY,MAX,1,0.0553630931314,7.3237515235,0.0553630931314,1136.82886329,17,0.49699,0.287611,0.784673,NOT_RUN,,
80,20,23,ENERGY,SEQ,1,1021.73646191,7.25698672606,0.0846147370504,1021.73646191,16,0.034499,1.702366,1.736934,NOT_RUN,,
80,20,23,ENERGY,MIN,1,1009.61395845,7.24784109656,0.0881629124906,1009.61395845,16,0.228146,7.091804,7.320026,NOT_RUN,,
80,20,23,ENERGY,MAX,1,1023.55730116,7.64083516744,0.0836457242959,1023.55730116,16,0.197449,0.726292,0.923817,NOT_RUN,,
80,20,24,COST,SEQ,1,6.0747620879,6.0747620879,0.0631988089786,1063.9733359,16,0.040373,9.689906,9.730375,NOT_RUN,,
80,20,24,COST,MIN,1,5.14432225363,5.14432225363,0.0753117726813,1061.93332054,16,0.186473,3.538405,3.724967,NOT_RUN,,
80,20,24,COST,MAX,1,7.32550097896,7.32550097896,0.0650764520729,1106.44154185,16,0.233032,8.981132,9.214249,NOT_RUN,,
80,20,24,RELIABILITY,SEQ,1,0.044074776234,8.52906991727,0.044074776234,1072.46409299,17,0.040464,0.274168,0.314703,NOT_RUN,,
80,20,24,RELIABILITY,MIN,1,0.0501913795775,8.3866589753,0.0501913795775,1070.06334686,17,0.465384,0.304461,0.769902,NOT_RUN,,
80,20,24,RELIABILITY,MAX,1,0.0433597665523,8.59466079318,0.0433597665523,1076.08169738,17,0.463817,0.279275,0.743157,NOT_RUN,,
80,20,24,ENERGY,SEQ,1,939.343871047,7.93197117739,0.0615825023817,939.343871047,16,0.036675,1.080543,1.117297,NOT_RUN,,
80,20,24,ENERGY,MIN,1,942.29747822,7.88999451935,0.0616770050573,942.29747822,16,0.315876,7.381915,7.697899,NOT_RUN,,
80,20,24,ENERGY,MAX,1,999.936106401,8.19569128444,0.070542615229,999.936106401,16,0.207263,1.26454,1.471864,NOT_RUN,,
80,20,25,COST,SEQ,1,4.56015227133,4.56015227133,0.0617949757008,1070.39804151,17,0.039452,24.806409,24.84604,NOT_RUN,,
80,20,25,COST,MIN,1,4.28100640107,4.28100640107,0.0599944730414,1028.74375697,16,0.194614,1.383778,1.578466,NOT_RUN,,
80,20,25,COST,MAX,1,6.75175605493,6.75175605493,0.0651570316187,1074.2759565,16,0.255364,4.930362,5.185883,NOT_RUN,,
80,20,25,RELIABILITY,SEQ,1,0.0433671740349,7.88492860863,0.0433671740349,1152.66389739,18,0.049357,0.327111,0.376551,NOT_RUN,,
80,20,25,RELIABILITY,MIN,1,0.0459671939212,7.42886426803,0.0459671939212,1121.72685404,18,0.461307,0.35806,0.819434,NOT_RUN,,
80,20,25,RELIABILITY,MAX,1,0.041522448238,8.1546172263,0.041522448238,1145.4372227,19,0.45493,0.293329,0.748327,NOT_RUN,,
80,20,25,ENERGY,SEQ,1,973.779322122,7.41408158917,0.0601005510924,973.779322122,16,0.034107,0.515814,0.54998,NOT_RUN,,
80,20,25,ENERGY,MIN,1,972.482649061,7.19206622279,0.0586974277713,972.482649061,16,0.201233,4.901856,5.103252,NOT_RUN,,
80,20,25,ENERGY,MAX,1,973.779322122,7.80040904669,0.0601752918624,973.779322122,16,0.197342,1.542425,1.739851,NOT_RUN,,
80,20,26,COST,SEQ,1,5.49955051832,5.49955051832,0.0527156601196,972.722100319,16,0.040607,5.61859,5.659366,NOT_RUN,,
80,20,26,COST,MIN,1,4.30931068545,4.30931068545,0.0486853352597,971.062835269,16,0.217268,1.852063,2.069423,NOT_RUN,,
80,20,26,COST,MAX,1,6.01528386486,6.01528386486,0.0540855087084,973.070464171,16,0.207055,8.669081,8.876219,NOT_RUN,,
80,20,26,RELIABILITY,SEQ,1,0.0382625546233,7.21711031569,0.0382625546233,980.748960983,16,0.039101,0.251862,0.291029,NOT_RUN,,
80,20,26,RELIABILITY,MIN,1,0.0434164271285,7.26630514413,0.0434164271285,990.145929991,17,0.456987,0.321498,0.778562,NOT_RUN,,
80,20,26,RELIABILITY,MAX,1,0.0409816499743,7.24712395354,0.0409816499743,1002.44868904,17,0.498993,0.250873,0.749949,NOT_RUN,,
80,20,26,ENERGY,SEQ,1,891.834085585,7.43220317816,0.0642195988499,891.834085585,16,0.032389,0.77197,0.804419,NOT_RUN,,
80,20,26,ENERGY,MIN,1,905.40541985,7.13234716074,0.061708032441,905.40541985,17,0.214837,3.451886,3.666788,NOT_RUN,,
80,20,26,ENERGY,MAX,1,891.143842741,7.02585068485,0.0643499221787,891.143842741,16,0.202188,0.492668,0.694926,NOT_RUN,,
80,20,27,COST,SEQ,1,4.44268950326,4.44268950326,0.0718021130698,925.328983888,16,0.039776,25.424866,25.464827,NOT_RUN,,
80,20,27,COST,MIN,1,4.12956954267,4.12956954267,0.0681838062442,917.467566513,16,0.230369,8.191716,8.422239,NOT_RUN,,
80,20,27,COST,MAX,1,4.98966448421,4.98966448421,0.0692809199436,939.569478811,16,0.226897,22.930351,23.157429,NOT_RUN,,
80,20,27,RELIABILITY,SEQ,1,0.042249330961,7.49698249147,0.042249330961,999.4768376,17,0.046274,0.303959,0.350304,NOT_RUN,,
80,20,27,RELIABILITY,MIN,1,0.0441073727281,7.50216601022,0.0441073727281,1016.91898564,17,0.528774,0.360048,0.888899,NOT_RUN,,
80,20,27,RELIABILITY,MAX,1,0.0462090275609,7.48989305568,0.0462090275609,1003.60618963,17,0.4337,0.257616,0.691403,NOT_RUN,,
80,20,27,ENERGY,SEQ,1,817.837322057,7.21372132797,0.0612937051424,817.837322057,16,0.035565,0.592472,0.628099,NOT_RUN,,
80,20,27,ENERGY,MIN,1,827.002996146,7.41113930383,0.0731175376044,827.002996146,16,0.212548,5.940983,6.153709,NOT_RUN,,
80,20,27,ENERGY,MAX,1,816.480074078,7.22890654175,0.0656916038787,816.480074078,16,0.204495,2.651206,2.855785,NOT_RUN,,
80,20,28,COST,SEQ,1,4.95151532672,4.95151532672,0.0729114748838,1028.5665362,16,0.041882,20.860986,20.90306,NOT_RUN,,
80,20,28,COST,MIN,1,4.85878943539,4.85878943539,0.0701353155239,1061.84363909,16,0.264404,2.339739,2.60433,NOT_RUN,,
80,20,28,COST,MAX,1,5.0586966245,5.0586966245,0.0711134785099,1035.40205118,16,0.220364,24.136605,24.35715,NOT_RUN,,
80,20,28,RELIABILITY,SEQ,1,0.0573000878384,8.15053507694,0.0573000878384,1058.28981844,17,0.053609,0.314136,0.367818,NOT_RUN,,
80,20,28,RELIABILITY,MIN,1,0.0593449974425,7.72633899426,0.0593449974425,1059.9213742,17,0.528679,0.361217,0.889959,NOT_RUN,,
80,20,28,RELIABILITY,MAX,1,0.057110200314,7.74215877094,0.057110200314,1050.93478832,17,0.528634,0.28201,0.810737,NOT_RUN,,
80,20,28,ENERGY,SEQ,1,925.947772668,7.50853119821,0.0774902692525,925.947772668,16,0.037431,1.280904,1.318403,NOT_RUN,,
80,20,28,ENERGY,MIN,1,913.856005637,7.71780667303,0.0724559785868,913.856005637,16,0.248885,5.781245,6.030279,NOT_RUN,,
80,20,28,ENERGY,MAX,1,949.934765833,7.73757054031,0.073348937496,949.934765833,16,0.210875,2.674102,2.885067,NOT_RUN,,
80,20,29,COST,SEQ,1,5.06787068668,5.06787068668,0.0548725943481,1102.24176281,16,0.041421,11.811424,11.85301,NOT_RUN,,
80,20,29,COST,MIN,1,4.39253500939,4.39253500939,0.0522086873599,1098.54034072,16,0.229928,4.589142,4.819164,NOT_RUN,,
80,20,29,COST,MAX,1,5.26353489572,5.26353489572,0.0566383802998,1083.08201335,16,0.22614,18.940924,19.16724,NOT_RUN,,
80,20,29,RELIABILITY,SEQ,1,0.0416842026098,7.06215455463,0.0416842026098,1106.5484049,16,0.041092,0.25447,0.295639,NOT_RUN,,
80,20,29,RELIABILITY,MIN,1,0.043956687234,8.0017248467,0.043956687234,1150.42538083,18,0.466225,0.325313,0.79159,NOT_RUN,,
80,20,29,RELIABILITY,MAX,1,0.0434680132374,7.54936007492,0.0434680132374,1159.96798495,18,0.421868,0.250522,0.672473,NOT_RUN,,
80,20,29,ENERGY,SEQ,1,1024.35261542,7.21134785941,0.0621464471233,1024.35261542,16,0.035178,1.667312,1.702563,NOT_RUN,,
80,20,29,ENERGY,MIN,1,1014.53345354,7.36716103038,0.0614763262825,1014.53345354,16,0.211517,5.545301,5.756957,NOT_RUN,,
80,20,29,ENERGY,MAX,1,1055.74777202,7.26943108401,0.0618240429902,1055.74777202,16,0.190334,0.259329,0.449745,NOT_RUN,,
80,20,30,COST,SEQ,1,5.3367177132,5.3367177132,0.0702628751633,1021.68520474,16,0.039832,10.179864,10.219796,NOT_RUN,,
80,20,30,COST,MIN,1,4.58588836609,4.58588836609,0.0612763257519,1008.33184329,16,0.216674,1.876152,2.092917,NOT_RUN,,
80,20,30,COST,MAX,1,7.50920839101,7.50920839101,0.0606583725303,1017.03125247,16,0.235563,4.185681,4.421335,NOT_RUN,,
80,20,30,RELIABILITY,SEQ,1,0.0448882097545,7.92069449697,0.0448882097545,973.252368773,16,0.044777,0.282768,0.327646,NOT_RUN,,
80,20,30,RELIABILITY,MIN,1,0.0495752914467,8.27578114409,0.0495752914467,1002.74299931,18,0.538443,0.356675,0.895207,NOT_RUN,,
80,20,30,RELIABILITY,MAX,1,0.044476952779,8.04119104414,0.044476952779,1002.50391898,18,0.499047,0.265125,0.764242,NOT_RUN,,
80,20,30,ENERGY,SEQ,1,906.625393328,7.70608265573,0.0565293452155,906.625393328,16,0.039578,1.351454,1.391099,NOT_RUN,,
80,20,30,ENERGY,MIN,1,905.438558722,7.71090923552,0.0566598071402,905.438558722,16,0.199546,5.508802,5.708515,NOT_RUN,,
80,20,30,ENERGY,MAX,1,964.15377572,7.09709142055,0.0628136193745,964.15377572,16,0.236828,0.290372,0.527278,NOT_RUN,,
